"","StartDate","EndDate","Status","Progress","Duration..in.seconds.","Finished","RecordedDate","ResponseId","RecipientLastName","RecipientFirstName","RecipientEmail","ExternalReference","LocationLatitude","LocationLongitude","DistributionChannel","UserLanguage","consent_response","att_check_1","att_check_2","att_check_3_1","att_check_3_2","att_check_3_3","att_check_4","comp_check_1","comp_check_2","comp_check_3","timer_First.Click","timer_Last.Click","timer_Page.Submit","timer_Click.Count","comp_check_4","comp_check_5","comp_check_6","lrsfer_satisfy_1","lrsfer_preference_1","lrsfer_word_gen_1","lrsfer_pay","rank_data_1","rank_data_2","rank_data_16","rank_data_3","rank_data_17","rank_data_18","rank_data_19","rank_data_15","rank_data_6","rank_data_9","rank_data_10","rank_data_11","rank_data_DO_1","rank_data_DO_2","rank_data_DO_16","rank_data_DO_3","rank_data_DO_17","rank_data_DO_18","rank_data_DO_19","rank_data_DO_15","rank_data_DO_6","rank_data_DO_9","rank_data_DO_10","rank_data_DO_11","comp_check_7","comp_check_8","comp_check_9_1","comp_check_9_3","comp_check_9_7","comp_check_9_2","comp_check_9_4","comp_check_9_5","comp_check_9_8","comp_check_9_9","comp_check_9_10","comp_check_9_6","comp_check_9_11","comp_check_9_12","comp_check_9_13","gender","gender_4_TEXT","ethnicity","ethnicity_5_TEXT","age","education","education_9_TEXT","comments","StudyID"
"1","5/23/22 8:11","5/23/22 8:15",0,100,211,1,"5/23/22 8:15","R_1jVPRIXST8e1XpS",NA,NA,NA,NA,38.0004,-121.3105,"anonymous","EN",1,2,2,NA,NA,NA,NA,5,1,2,NA,NA,NA,NA,NA,NA,NA,59,41,"Enough","20000",5,8,1,2,3,4,10,11,9,7,12,6,8,2,10,11,9,1,6,7,5,4,12,3,1,2,NA,NA,NA,NA,NA,NA,NA,NA,NA,NA,NA,NA,1,1,"",1,"",24,4,NA,"","lifelines_e6"
"2","5/23/22 8:10","5/23/22 8:15",0,100,285,1,"5/23/22 8:15","R_cIRprwILwyoYOEF",NA,NA,NA,NA,37.8868,-84.5667,"anonymous","EN",1,2,2,NA,NA,NA,NA,5,1,2,NA,NA,NA,NA,NA,NA,NA,75,70,"adequate","15000",5,7,4,6,1,8,3,2,9,11,10,12,5,11,2,4,3,7,12,1,9,6,8,10,1,2,NA,NA,NA,NA,NA,NA,NA,NA,NA,NA,NA,NA,1,1,"",1,"",32,2,NA,"","lifelines_e6"
"3","5/23/22 8:10","5/23/22 8:15",0,100,293,1,"5/23/22 8:15","R_3FeWNaLMezqJ0tz",NA,NA,NA,NA,40.738,-73.9858,"anonymous","EN",1,2,2,NA,NA,NA,NA,5,1,2,NA,NA,NA,NA,NA,NA,NA,72,58,"satisfactory","17000",8,3,11,9,1,2,12,10,6,4,5,7,8,3,11,9,2,1,12,10,6,4,5,7,1,2,NA,NA,NA,1,NA,NA,NA,NA,NA,1,NA,NA,NA,2,"",4,"",37,5,NA,"No","lifelines_e6"
"4","5/23/22 8:10","5/23/22 8:16",0,100,329,1,"5/23/22 8:16","R_1NaZQ7uJz9Pg0Jy",NA,NA,NA,NA,40.6446,-73.9743,"anonymous","EN",1,2,2,NA,NA,NA,NA,3,2,2,0,0,82.11,0,5,5,4,46,63,"HAPPY","1000",11,7,9,6,3,12,5,4,1,8,10,2,9,7,10,6,4,12,3,5,1,8,11,2,3,4,NA,NA,NA,NA,NA,NA,NA,NA,NA,NA,NA,NA,1,1,"",1,"",42,5,NA,"","lifelines_e6"
"5","5/23/22 8:16","5/23/22 8:21",0,100,348,1,"5/23/22 8:21","R_1HcLaNBElEwsjlT",NA,NA,NA,NA,34.3196,-77.9112,"anonymous","EN",1,2,2,NA,NA,NA,NA,5,1,2,NA,NA,NA,NA,NA,NA,NA,70,80,"Fluctuating ","18000",8,3,6,11,5,4,7,9,10,1,12,2,8,9,2,11,6,1,5,12,10,3,7,4,1,2,NA,NA,NA,NA,NA,NA,NA,NA,NA,NA,NA,NA,1,1,"",1,"",29,5,NA,"","lifelines_e6"
"6","5/23/22 8:16","5/23/22 8:22",0,100,351,1,"5/23/22 8:22","R_6fkfKWltywUIrVD",NA,NA,NA,NA,39.018,-77.539,"anonymous","EN",1,2,2,NA,NA,NA,NA,4,2,2,0,0,82.009,0,3,4,3,50,65,"50","15000",6,10,1,5,9,12,8,3,4,2,11,7,3,11,5,6,8,9,7,2,4,1,12,10,3,3,NA,1,NA,NA,NA,1,NA,NA,NA,NA,NA,1,NA,1,"",1,"",42,5,NA,"Thank you","lifelines_e6"
"7","5/23/22 8:19","5/23/22 8:23",0,100,284,1,"5/23/22 8:23","R_28TYED1S4EesG0f",NA,NA,NA,NA,32.8964,-96.8635,"anonymous","EN",1,2,2,NA,NA,NA,NA,5,1,2,NA,NA,NA,NA,NA,NA,NA,59,27,"Unstable","20000",11,10,1,2,3,7,6,5,4,12,8,9,11,8,2,5,3,9,6,4,7,1,10,12,1,2,NA,NA,NA,NA,NA,NA,NA,NA,NA,1,NA,NA,NA,1,"",1,"",40,5,NA,"","lifelines_e6"
"8","5/23/22 8:20","5/23/22 8:25",0,100,282,1,"5/23/22 8:25","R_31T9CFrMCfXAq9r",NA,NA,NA,NA,42.0713,-94.8746,"anonymous","EN",1,2,2,NA,NA,NA,NA,5,1,2,NA,NA,NA,NA,NA,NA,NA,75,69,"Decent","20000",7,8,1,6,5,9,4,3,2,12,10,11,5,7,9,2,1,12,4,3,6,11,8,10,1,2,NA,NA,NA,NA,NA,NA,NA,NA,NA,NA,NA,NA,1,2,"",1,"",31,5,NA,"","lifelines_e6"
"9","5/23/22 8:23","5/23/22 8:28",0,100,262,1,"5/23/22 8:28","R_3ilKIrKcQgFhsLU",NA,NA,NA,NA,34.0034,-84.4605,"anonymous","EN",1,2,2,NA,NA,NA,NA,5,1,2,NA,NA,NA,NA,NA,NA,NA,0,0,"unacceptable.","0",7,6,12,10,2,3,1,5,4,8,9,11,7,8,12,9,5,1,3,10,6,2,4,11,2,2,NA,NA,NA,NA,NA,NA,NA,NA,NA,NA,NA,NA,1,2,"",1,"",40,5,NA,"","lifelines_e6"
"10","5/23/22 8:53","5/23/22 8:57",0,100,243,1,"5/23/22 8:57","R_2QuCPmsuD3nWmlf",NA,NA,NA,NA,39.0469,-77.4903,"anonymous","EN",1,2,2,NA,NA,NA,NA,5,1,2,NA,NA,NA,NA,NA,NA,NA,71,37,"good","2000",5,2,4,1,7,11,9,6,10,3,12,8,10,3,12,9,2,5,8,4,7,6,11,1,3,1,NA,NA,1,NA,NA,NA,NA,NA,NA,NA,NA,NA,NA,2,"",1,"",29,5,NA,"It was good to complete this study.","lifelines_e6"
"11","5/23/22 8:51","5/23/22 9:02",0,100,655,1,"5/23/22 9:02","R_31bFQykTZ1yCuzJ",NA,NA,NA,NA,40.8703,-73.8525,"anonymous","EN",1,2,2,NA,NA,NA,NA,5,5,4,0,0,82.013,0,1,5,1,82,71,"smooth","15,000",3,4,2,1,5,6,7,9,8,11,10,12,1,12,7,3,6,11,5,2,4,9,8,10,1,2,1,1,1,NA,NA,1,1,1,1,1,NA,NA,NA,2,"",1,"",23,4,NA,"no comments","lifelines_e6"
"12","5/23/22 8:58","5/23/22 9:03",0,100,279,1,"5/23/22 9:03","R_3RkhvuZQdud3svq",NA,NA,NA,NA,36.1788,-115.1715,"anonymous","EN",1,2,2,NA,NA,NA,NA,5,1,2,NA,NA,NA,NA,NA,NA,NA,51,20,"They only had two times they weren't feeling stressed.","20,000",7,6,9,8,3,4,2,1,5,12,10,11,10,7,12,9,3,2,4,1,6,11,5,8,2,4,NA,NA,NA,NA,NA,NA,NA,NA,NA,NA,NA,1,NA,2,"",1,"",29,5,NA,"","lifelines_e6"
"13","5/23/22 8:59","5/23/22 9:09",0,100,618,1,"5/23/22 9:09","R_3RlVDoJ8yrIZ3oS",NA,NA,NA,NA,41.6181,-74.3266,"anonymous","EN",1,2,2,NA,NA,NA,NA,5,4,2,0,0,82.107,0,1,5,1,45,40,"Rollercoaster","15000",5,1,4,9,6,8,3,7,2,11,12,10,7,1,9,8,12,6,5,10,11,3,2,4,1,2,NA,NA,NA,NA,NA,NA,NA,NA,NA,NA,NA,NA,1,1,"",1,"",32,3,NA,"","lifelines_e6"
"14","5/23/22 9:10","5/23/22 9:16",0,100,317,1,"5/23/22 9:16","R_PwGv2hU7X07YJ45",NA,NA,NA,NA,31.9948,-81.2335,"anonymous","EN",1,2,2,NA,NA,NA,NA,5,1,2,NA,NA,NA,NA,NA,NA,NA,15,3,"unfavorable","12000",3,4,1,6,8,2,7,9,5,12,11,10,3,4,9,5,12,7,1,2,6,10,11,8,1,2,NA,NA,NA,NA,NA,NA,NA,NA,NA,NA,NA,NA,1,1,"",1,"",25,2,NA,"none","lifelines_e6"
"15","5/23/22 9:21","5/23/22 9:25",0,100,284,1,"5/23/22 9:25","R_yQMSotfC1BmrFnz",NA,NA,NA,NA,42.495,-82.9007,"anonymous","EN",1,2,2,NA,NA,NA,NA,5,1,2,NA,NA,NA,NA,NA,NA,NA,70,50,"upward","15000",7,2,1,11,5,9,8,10,6,3,12,4,8,1,4,10,7,9,11,12,5,2,6,3,1,2,NA,NA,NA,NA,NA,NA,NA,NA,NA,NA,NA,NA,1,1,"",1,"",38,2,NA,"","lifelines_e6"
"16","5/23/22 9:21","5/23/22 9:26",0,100,297,1,"5/23/22 9:26","R_1F5FbMpeMniqZsV",NA,NA,NA,NA,41.4443,-71.5317,"anonymous","EN",1,2,2,NA,NA,NA,NA,5,1,2,NA,NA,NA,NA,NA,NA,NA,60,10,"bumpy","20000",3,4,1,2,7,10,9,8,6,12,11,5,1,6,8,2,4,10,9,7,3,12,11,5,1,2,NA,NA,NA,NA,NA,NA,NA,NA,NA,1,NA,NA,NA,1,"",1,"",38,4,NA,"","lifelines_e6"
"17","5/23/22 9:18","5/23/22 9:31",0,100,790,1,"5/23/22 9:31","R_1ro9OcNQvvuM3Ou",NA,NA,NA,NA,41.3764,-72.454,"anonymous","EN",1,2,2,NA,NA,NA,NA,5,1,2,NA,NA,NA,NA,NA,NA,NA,90,88,"fixed","20000",6,5,1,2,9,8,10,11,12,7,4,3,6,5,10,2,3,9,8,1,12,11,7,4,1,2,NA,NA,NA,NA,NA,NA,NA,NA,NA,NA,NA,NA,1,2,"",4,"",40,4,NA,"no","lifelines_e6"
"18","5/23/22 9:23","5/23/22 9:35",0,100,740,1,"5/23/22 9:35","R_3oMFh2tHvl6FrKk",NA,NA,NA,NA,37.4024,-82.0291,"anonymous","EN",1,2,2,NA,NA,NA,NA,5,1,2,NA,NA,NA,NA,NA,NA,NA,71,79,"satisfied ","20000",10,8,1,5,2,3,6,11,4,12,7,9,10,8,5,7,4,2,12,11,1,3,6,9,1,2,NA,NA,NA,NA,NA,NA,NA,NA,NA,NA,NA,NA,1,1,"",1,"",42,2,NA,"","lifelines_e6"
"19","5/23/22 9:32","5/23/22 9:40",0,100,491,1,"5/23/22 9:40","R_2EiNpSb3l19ik9t",NA,NA,NA,NA,35.9937,-115.2867,"anonymous","EN",1,2,2,NA,NA,NA,NA,5,1,2,NA,NA,NA,NA,NA,NA,NA,48,48,"Low happiness, gained happiness until touchpoint 40, the low happiness with an increase in happiness at the end of the exerience.","20000",9,12,2,10,5,4,3,6,11,7,8,1,9,12,1,8,6,2,3,5,11,4,7,10,1,2,NA,NA,NA,NA,NA,NA,NA,NA,NA,NA,NA,NA,1,2,"",1,"",54,6,NA,"none","lifelines_e6"
"20","5/23/22 10:19","5/23/22 10:24",0,100,305,1,"5/23/22 10:24","R_Rn9V19XRclVXZcd",NA,NA,NA,NA,40.6446,-73.9743,"anonymous","EN",1,1,1,83,85,89,1,4,4,2,0,0,82.009,0,3,5,1,80,79,"GOOD","20000",6,12,7,9,1,8,2,5,11,10,3,4,6,12,7,9,3,8,2,5,11,10,1,4,1,3,1,1,1,NA,NA,NA,NA,NA,NA,NA,NA,NA,NA,2,"",2,"",34,6,NA,"GOOD","lifelines_e6"
"21","5/23/22 11:12","5/23/22 11:16",0,100,201,1,"5/23/22 11:16","R_2QAsFELR5wn4KZp",NA,NA,NA,NA,28.1131,-81.6241,"anonymous","EN",1,2,2,NA,NA,NA,NA,5,1,2,NA,NA,NA,NA,NA,NA,NA,71,69,"Happy","20000",10,11,1,12,2,3,9,4,5,8,7,6,6,12,10,9,1,11,2,4,3,8,7,5,1,2,NA,NA,NA,1,NA,NA,NA,NA,NA,NA,NA,NA,NA,1,"",1,"",39,4,NA,"","lifelines_e6"
"22","5/23/22 11:12","5/23/22 11:17",0,100,287,1,"5/23/22 11:17","R_1l515jJBX2V31dd",NA,NA,NA,NA,39.9072,-82.7553,"anonymous","EN",1,2,2,NA,NA,NA,NA,5,1,2,NA,NA,NA,NA,NA,NA,NA,60,10,"Uncertain","18000",5,2,8,10,1,6,3,4,7,11,12,9,10,7,4,11,2,5,8,6,9,3,1,12,1,2,NA,NA,NA,NA,NA,NA,NA,NA,NA,NA,NA,NA,1,1,"",1,"",23,5,NA,"","lifelines_e6"
"23","5/23/22 11:12","5/23/22 11:18",0,100,338,1,"5/23/22 11:18","R_3gTuyisLh6ZWh3B",NA,NA,NA,NA,40.873,-73.8233,"anonymous","EN",1,2,2,NA,NA,NA,NA,5,1,2,NA,NA,NA,NA,NA,NA,NA,58,33,"hiccup","20000",5,4,1,3,6,2,7,9,8,11,12,10,10,6,3,12,9,5,1,8,7,4,2,11,1,2,NA,NA,NA,NA,NA,NA,NA,NA,NA,NA,NA,NA,1,1,"",1,"",33,5,NA,"no","lifelines_e6"
"24","5/23/22 11:12","5/23/22 11:18",0,100,351,1,"5/23/22 11:18","R_3KDdvcnJCf94PTi",NA,NA,NA,NA,34.1892,-92.0495,"anonymous","EN",1,2,2,NA,NA,NA,NA,5,1,2,NA,NA,NA,NA,NA,NA,NA,60,45,"common","22000",3,2,1,4,7,5,11,9,6,12,8,10,11,8,12,10,6,5,3,4,2,9,1,7,1,2,NA,NA,NA,NA,NA,NA,NA,NA,NA,NA,NA,NA,1,1,"",1,"",39,2,NA,"","lifelines_e6"
"25","5/23/22 11:12","5/23/22 11:19",0,100,388,1,"5/23/22 11:19","R_3MrgfgccOt2IAh6",NA,NA,NA,NA,42.7686,-86.117,"anonymous","EN",1,2,2,NA,NA,NA,NA,5,1,2,NA,NA,NA,NA,NA,NA,NA,60,50,"mixed","10000",4,5,8,6,1,2,7,9,3,11,12,10,1,5,10,3,2,7,11,12,8,6,4,9,1,2,NA,NA,NA,NA,NA,NA,NA,NA,NA,NA,NA,NA,1,2,"",1,"",45,5,NA,"","lifelines_e6"
"26","5/23/22 11:13","5/23/22 11:19",0,100,347,1,"5/23/22 11:19","R_1gnmumBumuvEwNY",NA,NA,NA,NA,35.7614,-78.6015,"anonymous","EN",1,2,2,NA,NA,NA,NA,5,1,2,NA,NA,NA,NA,NA,NA,NA,5,0,"Wild","10000",5,6,2,1,3,9,4,8,7,11,12,10,10,11,1,3,2,8,7,9,5,4,6,12,1,2,NA,NA,NA,NA,NA,NA,NA,NA,NA,NA,NA,NA,1,2,"",2,"",28,5,NA,"Big shoutout for not making me rate all 28 lines.","lifelines_e6"
"27","5/23/22 11:12","5/23/22 11:19",0,100,456,1,"5/23/22 11:19","R_3rO5y78jN0fjAl2",NA,NA,NA,NA,28.5504,-81.1833,"anonymous","EN",1,2,2,NA,NA,NA,NA,5,1,2,NA,NA,NA,NA,NA,NA,NA,70,60,"satisfied","20000",2,3,1,10,9,12,5,8,11,7,6,4,1,4,9,8,7,12,6,5,10,2,3,11,1,2,NA,NA,NA,NA,NA,NA,NA,NA,NA,1,NA,NA,NA,1,"",1,"",64,4,NA,"","lifelines_e6"
"28","5/23/22 11:14","5/23/22 11:20",0,100,339,1,"5/23/22 11:20","R_3lJofqkCNsafrTG",NA,NA,NA,NA,39.1497,-84.426,"anonymous","EN",1,2,2,NA,NA,NA,NA,5,1,2,NA,NA,NA,NA,NA,NA,NA,34,18,"Volatile","5000",6,9,1,3,5,7,2,4,8,12,11,10,8,9,1,6,12,11,4,7,10,5,2,3,1,2,NA,NA,NA,NA,NA,NA,NA,NA,NA,NA,NA,NA,1,2,"",4,"",27,4,NA,"No.","lifelines_e6"
"29","5/23/22 11:17","5/23/22 11:20",0,100,172,1,"5/23/22 11:20","R_33ByhjYvoAvhQ9n",NA,NA,NA,NA,41.7609,-88.0151,"anonymous","EN",1,2,2,NA,NA,NA,NA,5,1,2,NA,NA,NA,NA,NA,NA,NA,23,22,"Turbulent","1500",5,4,2,8,7,6,1,10,3,11,12,9,1,3,7,11,8,5,2,9,4,6,10,12,1,2,NA,NA,NA,NA,NA,NA,NA,NA,NA,NA,NA,NA,1,1,"",1,"",24,5,NA,"","lifelines_e6"
"30","5/23/22 11:16","5/23/22 11:21",0,100,284,1,"5/23/22 11:21","R_2UbJVYpHovsMt5c",NA,NA,NA,NA,42.9953,-88.038,"anonymous","EN",1,2,2,NA,NA,NA,NA,5,1,2,NA,NA,NA,NA,NA,NA,NA,70,50,"relief","17000",7,8,4,9,6,5,3,2,1,12,10,11,12,10,2,8,6,1,9,5,7,3,11,4,1,2,NA,NA,NA,NA,NA,NA,NA,NA,NA,1,NA,NA,NA,1,"",3,"",36,4,NA,"","lifelines_e6"
"31","5/23/22 11:12","5/23/22 11:21",0,100,585,1,"5/23/22 11:21","R_27vfUMee373ZE6o",NA,NA,NA,NA,43.0584,-71.4578,"anonymous","EN",1,2,2,NA,NA,NA,NA,5,1,2,NA,NA,NA,NA,NA,NA,NA,70,50,"happy","18000",11,12,8,7,9,10,2,3,1,6,5,4,8,12,11,1,9,10,3,7,4,6,2,5,1,2,1,NA,NA,1,NA,NA,NA,NA,NA,NA,NA,NA,NA,1,"",1,"",36,4,NA,"","lifelines_e6"
"32","5/23/22 11:12","5/23/22 11:22",0,100,599,1,"5/23/22 11:22","R_6tbQ8tlbsD1RgtP",NA,NA,NA,NA,40.7354,-82.522,"anonymous","EN",1,2,2,NA,NA,NA,NA,5,1,2,NA,NA,NA,NA,NA,NA,NA,71,71,"Persistence ","15000",6,7,1,2,8,3,9,5,4,10,12,11,5,6,7,1,9,2,11,10,3,8,12,4,1,2,NA,NA,NA,NA,NA,NA,NA,NA,NA,NA,NA,NA,1,2,"",1,"",40,2,NA,"N/A","lifelines_e6"
"33","5/23/22 11:11","5/23/22 11:23",0,100,689,1,"5/23/22 11:23","R_2E3Im1YoOhN7orW",NA,NA,NA,NA,28.0056,-82.1122,"anonymous","EN",1,2,2,NA,NA,NA,NA,5,1,2,NA,NA,NA,NA,NA,NA,NA,5,5,"scrry","5000",6,1,9,2,7,8,4,5,3,10,12,11,9,1,12,2,6,8,3,5,10,7,11,4,1,2,NA,NA,NA,NA,NA,NA,NA,NA,NA,1,NA,NA,NA,1,"",1,"",35,5,NA,"n/a","lifelines_e6"
"34","5/23/22 11:16","5/23/22 11:23",0,100,402,1,"5/23/22 11:23","R_xlPemN1szrAP41H",NA,NA,NA,NA,28.6529,-81.2106,"anonymous","EN",1,2,2,NA,NA,NA,NA,5,1,2,NA,NA,NA,NA,NA,NA,NA,65,30,"satisfied ","17000",4,6,1,8,3,7,5,9,2,11,12,10,5,9,6,7,1,8,4,11,2,10,12,3,1,2,NA,NA,NA,1,NA,NA,NA,NA,NA,1,1,NA,NA,2,"",1,"",37,4,NA,"","lifelines_e6"
"35","5/23/22 11:14","5/23/22 11:24",0,100,592,1,"5/23/22 11:24","R_22LjLQwUKKEVVT9",NA,NA,NA,NA,29.6968,-95.5446,"anonymous","EN",1,2,2,NA,NA,NA,NA,5,1,2,NA,NA,NA,NA,NA,NA,NA,90,90,"Satisfied","20000",5,4,3,2,9,7,6,12,10,8,11,1,12,8,9,4,6,3,2,11,7,5,10,1,1,2,NA,NA,NA,NA,NA,NA,NA,NA,NA,1,NA,NA,NA,1,"",1,"",54,4,NA,"None","lifelines_e6"
"36","5/23/22 11:20","5/23/22 11:25",0,100,296,1,"5/23/22 11:25","R_2UavQiiIW6cansh",NA,NA,NA,NA,30.0529,-95.1783,"anonymous","EN",1,2,2,NA,NA,NA,NA,5,1,2,NA,NA,NA,NA,NA,NA,NA,0,0,"STRESSFULL","0",7,2,1,6,8,5,4,12,9,10,11,3,12,5,7,1,11,2,4,9,8,3,6,10,1,2,NA,NA,NA,NA,NA,NA,NA,NA,NA,1,NA,NA,NA,1,"",5,"Mestizo",31,5,NA,"","lifelines_e6"
"37","5/23/22 11:19","5/23/22 11:25",0,100,372,1,"5/23/22 11:25","R_1IQ78Q6GXWRef3D",NA,NA,NA,NA,30.5178,-92.0878,"anonymous","EN",1,2,2,NA,NA,NA,NA,5,1,3,0,0,82.162,0,1,5,1,61,53,"none","10000",5,11,2,6,8,3,12,9,7,1,4,10,6,12,1,4,8,3,11,9,7,2,5,10,1,4,NA,NA,NA,NA,NA,NA,NA,NA,NA,NA,NA,NA,1,2,"",1,"",25,5,NA,"none","lifelines_e6"
"38","5/23/22 11:21","5/23/22 11:25",0,100,295,1,"5/23/22 11:25","R_2huEP56sUIjYaPL",NA,NA,NA,NA,34.2347,-119.1894,"anonymous","EN",1,2,2,NA,NA,NA,NA,5,1,2,NA,NA,NA,NA,NA,NA,NA,100,100,"satisfying","5400",10,1,3,2,7,12,5,6,11,8,4,9,3,10,7,6,1,2,12,9,11,5,4,8,1,2,NA,NA,NA,NA,NA,NA,NA,NA,NA,NA,NA,NA,1,2,"",1,"",29,4,NA,"No.","lifelines_e6"
"39","5/23/22 11:15","5/23/22 11:26",0,100,642,1,"5/23/22 11:26","R_2aPv9nD8Yif4Xxc",NA,NA,NA,NA,40.0418,-79.4151,"anonymous","EN",1,2,2,NA,NA,NA,NA,5,1,2,NA,NA,NA,NA,NA,NA,NA,55,26,"chaotic","15000",7,5,1,12,2,4,3,8,10,9,11,6,5,12,8,1,3,4,2,7,10,11,6,9,1,2,NA,NA,NA,NA,NA,NA,NA,NA,NA,NA,NA,NA,1,1,"",1,"",39,4,NA,"","lifelines_e6"
"40","5/23/22 11:17","5/23/22 11:26",0,100,510,1,"5/23/22 11:26","R_2zM7LVk19NiJp4R",NA,NA,NA,NA,33.6338,-112.2066,"anonymous","EN",1,2,2,NA,NA,NA,NA,5,1,2,NA,NA,NA,NA,NA,NA,NA,65,21,"Rollercoaster","15000",6,8,1,11,12,10,3,4,2,7,5,9,3,6,12,9,10,7,2,8,4,5,1,11,1,2,NA,NA,NA,1,NA,NA,NA,NA,NA,NA,NA,NA,1,2,"",1,"",21,4,NA,"","lifelines_e6"
"41","5/23/22 11:23","5/23/22 11:26",0,100,182,1,"5/23/22 11:26","R_2rr02zc0g4LLdxO",NA,NA,NA,NA,42.9468,-83.817,"anonymous","EN",1,2,2,NA,NA,NA,NA,5,1,2,NA,NA,NA,NA,NA,NA,NA,80,50,"inconsistent","18000",8,9,1,2,7,6,4,3,5,11,12,10,11,12,8,1,9,6,4,3,5,10,2,7,1,2,NA,NA,NA,NA,NA,NA,NA,NA,NA,NA,NA,NA,1,2,"",1,"",36,5,NA,"","lifelines_e6"
"42","5/23/22 11:18","5/23/22 11:26",0,100,479,1,"5/23/22 11:26","R_2fHzPvrRe3IByuv",NA,NA,NA,NA,40.8219,-96.6244,"anonymous","EN",1,2,2,NA,NA,NA,NA,5,1,2,NA,NA,NA,NA,NA,NA,NA,65,39,"Frustrating","15000",3,4,1,9,5,2,8,7,6,12,11,10,7,6,12,5,9,11,1,10,3,2,4,8,1,2,NA,NA,NA,NA,NA,NA,NA,NA,NA,1,NA,NA,NA,1,"",1,"",38,6,NA,"","lifelines_e6"
"43","5/23/22 11:17","5/23/22 11:26",0,100,565,1,"5/23/22 11:26","R_2wR1w6RJ4B9gVze",NA,NA,NA,NA,40.7956,-77.0427,"anonymous","EN",1,2,2,NA,NA,NA,NA,2,1,2,2.065,2.065,82.013,1,1,5,1,75,49,"wonderful","15000",9,2,4,3,1,7,5,8,6,12,11,10,11,2,12,1,4,6,7,10,5,8,3,9,1,2,NA,NA,NA,NA,NA,NA,NA,NA,NA,NA,NA,NA,1,2,"",1,"",32,2,NA,"","lifelines_e6"
"44","5/23/22 11:20","5/23/22 11:27",0,100,376,1,"5/23/22 11:27","R_1LqyMKcnD9KomoS",NA,NA,NA,NA,38.3274,-81.669,"anonymous","EN",1,2,2,NA,NA,NA,NA,5,1,2,NA,NA,NA,NA,NA,NA,NA,80,80,"Surprising","20000",9,6,2,12,3,8,7,11,1,10,5,4,6,8,3,5,9,11,2,12,4,10,7,1,1,2,NA,NA,NA,NA,NA,NA,NA,NA,NA,NA,NA,NA,1,1,"",1,"",30,5,NA,"","lifelines_e6"
"45","5/23/22 11:21","5/23/22 11:27",0,100,356,1,"5/23/22 11:27","R_3oXZuK6gBfnfY6k",NA,NA,NA,NA,40.4693,-88.9424,"anonymous","EN",1,2,2,NA,NA,NA,NA,5,1,2,NA,NA,NA,NA,NA,NA,NA,70,60,"Volatile","15000",7,9,2,8,5,6,4,3,1,10,12,11,1,8,7,4,10,11,2,6,12,5,9,3,1,2,NA,NA,NA,NA,NA,NA,NA,NA,NA,NA,NA,NA,1,1,"",1,"",33,5,NA,"No comments.","lifelines_e6"
"46","5/23/22 11:22","5/23/22 11:27",0,100,319,1,"5/23/22 11:27","R_2SldEPZq2o3qy6d",NA,NA,NA,NA,46.1128,-98.2241,"anonymous","EN",1,2,2,NA,NA,NA,NA,5,1,2,NA,NA,NA,NA,NA,NA,NA,19,0,"Bad","0",10,3,2,11,4,1,6,7,8,12,9,5,10,12,2,6,5,1,4,8,9,7,3,11,1,2,NA,NA,NA,1,NA,NA,NA,NA,NA,1,NA,NA,NA,2,"",1,"",22,5,NA,"","lifelines_e6"
"47","5/23/22 11:21","5/23/22 11:27",0,100,400,1,"5/23/22 11:27","R_2zkhnoAeMSHeWYi",NA,NA,NA,NA,39.9534,-83.7801,"anonymous","EN",1,2,2,NA,NA,NA,NA,5,1,2,NA,NA,NA,NA,NA,NA,NA,60,58,"Mixed","19000",3,2,1,7,5,4,8,6,9,11,12,10,5,2,7,12,4,10,11,6,9,3,1,8,3,2,NA,NA,NA,NA,NA,NA,NA,NA,NA,NA,NA,NA,1,1,"",1,"",39,4,NA,"","lifelines_e6"
"48","5/23/22 11:24","5/23/22 11:28",0,100,216,1,"5/23/22 11:28","R_3n14zJlWGMH1MO6",NA,NA,NA,NA,33.5546,-81.721,"anonymous","EN",1,2,2,NA,NA,NA,NA,5,1,2,NA,NA,NA,NA,NA,NA,NA,93,71,"resolved","20000",4,5,1,12,2,8,11,6,7,10,9,3,4,5,2,11,1,8,10,12,9,7,3,6,1,2,NA,NA,NA,NA,NA,NA,NA,NA,NA,NA,NA,NA,1,2,"",1,"",34,3,NA,"","lifelines_e6"
"49","5/23/22 11:13","5/23/22 11:29",0,100,936,1,"5/23/22 11:29","R_2cp7kEn7U1hjsd7",NA,NA,NA,NA,28.098,-81.4949,"anonymous","EN",1,2,2,NA,NA,NA,NA,5,1,2,NA,NA,NA,NA,NA,NA,NA,90,60,"happy","19500",12,6,1,7,5,11,10,9,8,3,4,2,3,1,8,4,11,6,2,9,7,5,12,10,1,2,NA,NA,NA,NA,NA,NA,NA,NA,NA,NA,NA,NA,1,2,"",1,"",64,2,NA,"none","lifelines_e6"
"50","5/23/22 11:22","5/23/22 11:29",0,100,404,1,"5/23/22 11:29","R_1rwtPUAU7FPMl76",NA,NA,NA,NA,42.0431,-87.7899,"anonymous","EN",1,2,1,15,20,28,1,5,1,2,NA,NA,NA,NA,NA,NA,NA,60,1,"mediocre","15000",9,1,8,3,7,4,2,5,6,10,12,11,8,1,10,5,7,11,6,9,12,4,3,2,1,2,NA,NA,NA,NA,NA,NA,NA,NA,NA,NA,NA,NA,1,2,"",1,"",29,3,NA,"","lifelines_e6"
"51","5/23/22 11:17","5/23/22 11:31",0,100,840,1,"5/23/22 11:31","R_QcWiHguIl1ijevv",NA,NA,NA,NA,41.4866,-81.8037,"anonymous","EN",1,2,2,NA,NA,NA,NA,5,1,4,0,0,82.009,0,1,5,1,89,99,"DROP","10000",4,9,7,11,1,10,12,2,3,5,6,8,1,7,12,10,5,8,11,2,4,3,6,9,1,2,NA,NA,NA,NA,NA,NA,NA,NA,NA,NA,NA,NA,1,2,"",1,"",44,6,NA,"","lifelines_e6"
"52","5/23/22 11:28","5/23/22 11:32",0,100,251,1,"5/23/22 11:32","R_1DN2zxVfgjYwWVO",NA,NA,NA,NA,34.8108,-92.2249,"anonymous","EN",1,2,2,NA,NA,NA,NA,5,1,2,NA,NA,NA,NA,NA,NA,NA,71,29,"dip","12000",9,7,1,11,6,5,4,3,2,12,10,8,6,4,10,11,2,1,7,3,8,12,9,5,1,2,NA,NA,NA,1,NA,NA,NA,NA,NA,1,NA,NA,NA,1,"",1,"",37,5,NA,"","lifelines_e6"
"53","5/23/22 11:21","5/23/22 11:32",0,100,657,1,"5/23/22 11:32","R_1CDRm9F6J76m8NS",NA,NA,NA,NA,36.1671,-86.7861,"anonymous","EN",1,2,2,NA,NA,NA,NA,5,1,2,NA,NA,NA,NA,NA,NA,NA,31,29,"uneven","15000",3,9,4,7,10,11,6,5,2,8,12,1,9,10,8,2,12,11,5,3,4,7,1,6,1,2,NA,NA,NA,NA,NA,NA,NA,NA,NA,1,1,NA,NA,2,"",1,"",64,5,NA,"The list of items to rank required a lot of scrolling, which made it difficult to move items around without ""double jumping."" ","lifelines_e6"
"54","5/23/22 11:24","5/23/22 11:32",0,100,495,1,"5/23/22 11:32","R_2VHZufJk38OyHgp",NA,NA,NA,NA,34.5251,-82.6307,"anonymous","EN",1,2,2,NA,NA,NA,NA,5,1,2,NA,NA,NA,NA,NA,NA,NA,20,3,"Rollercoaster","15000",5,4,6,9,10,8,12,11,1,2,7,3,4,8,10,5,9,6,12,11,7,3,1,2,1,2,NA,1,NA,NA,NA,NA,NA,NA,NA,NA,NA,NA,NA,1,"",2,"",35,3,NA,"","lifelines_e6"
"55","5/23/22 11:18","5/23/22 11:34",0,100,942,1,"5/23/22 11:34","R_1lnN2UxYslNwEo1",NA,NA,NA,NA,30.209,-92.0607,"anonymous","EN",1,2,2,NA,NA,NA,NA,5,4,2,0,0,82.114,0,1,5,1,100,100,"Good","20000",8,5,1,6,3,9,7,4,2,12,10,11,12,2,11,3,9,6,10,1,4,7,8,5,1,2,NA,NA,NA,NA,NA,NA,NA,NA,NA,NA,NA,NA,1,1,"",1,"",29,4,NA,"","lifelines_e6"
"56","5/23/22 11:24","5/23/22 11:34",0,100,587,1,"5/23/22 11:34","R_2CPVOZg5HUZ46Tr",NA,NA,NA,NA,32.185,-110.8171,"anonymous","EN",1,2,2,NA,NA,NA,NA,5,1,2,NA,NA,NA,NA,NA,NA,NA,50,30,"completion","3000",8,2,7,5,4,9,6,3,1,11,12,10,12,6,11,8,5,10,9,3,1,7,2,4,1,2,NA,NA,NA,NA,NA,NA,NA,NA,NA,NA,NA,NA,1,2,"",1,"",71,4,NA,"","lifelines_e6"
"57","5/23/22 11:32","5/23/22 11:36",0,100,224,1,"5/23/22 11:36","R_3MuMxLe5Tw31jD5",NA,NA,NA,NA,42.3667,-88.0925,"anonymous","EN",1,2,2,NA,NA,NA,NA,5,1,2,NA,NA,NA,NA,NA,NA,NA,40,28,"rollercoaster","15000",3,4,1,9,2,8,11,10,12,7,5,6,1,10,8,3,12,7,4,11,9,6,5,2,1,2,NA,NA,NA,NA,NA,NA,NA,NA,NA,NA,NA,NA,1,1,"",1,"",35,5,NA,"","lifelines_e6"
"58","5/23/22 11:29","5/23/22 11:37",0,100,448,1,"5/23/22 11:37","R_1pMBhaX6QWHDmp9",NA,NA,NA,NA,40.7359,-73.9904,"anonymous","EN",1,2,2,NA,NA,NA,NA,5,1,2,NA,NA,NA,NA,NA,NA,NA,69,75,"joyful","18000",3,1,2,10,5,8,4,9,7,12,11,6,4,10,3,8,7,1,5,2,6,11,9,12,1,4,NA,NA,NA,NA,NA,NA,NA,NA,NA,NA,NA,NA,1,1,"",3,"",28,5,NA,"none","lifelines_e6"
"59","5/23/22 11:31","5/23/22 11:38",0,100,376,1,"5/23/22 11:38","R_1jfTlNdRbiRWph0",NA,NA,NA,NA,32.3297,-80.8438,"anonymous","EN",1,2,2,NA,NA,NA,NA,5,1,2,NA,NA,NA,NA,NA,NA,NA,30,9,"impatient","15,000",2,1,10,4,5,9,7,8,6,12,11,3,3,5,10,1,2,9,8,6,4,11,7,12,3,2,NA,NA,NA,NA,NA,NA,NA,NA,NA,1,NA,NA,NA,2,"",1,"",53,3,NA,"","lifelines_e6"
"60","5/23/22 11:28","5/23/22 11:39",0,100,673,1,"5/23/22 11:39","R_12m3dokWKG7Egue",NA,NA,NA,NA,33.3931,-111.5768,"anonymous","EN",1,2,2,NA,NA,NA,NA,5,1,2,NA,NA,NA,NA,NA,NA,NA,40,0,"Confused and stressed.","10000",4,5,8,9,7,6,2,1,3,12,11,10,3,8,5,12,10,9,11,7,4,1,2,6,2,2,NA,NA,NA,NA,NA,NA,NA,NA,NA,1,NA,NA,NA,1,"",4,"",41,4,NA,"","lifelines_e6"
"61","5/23/22 11:28","5/23/22 11:39",0,100,666,1,"5/23/22 11:39","R_3sdG7IDpO5QyKDu",NA,NA,NA,NA,40.3102,-76.0388,"anonymous","EN",1,2,2,NA,NA,NA,NA,5,1,2,NA,NA,NA,NA,NA,NA,NA,41,19,"rollercoaster","6000",4,1,2,12,6,5,3,7,8,10,11,9,3,2,4,8,7,5,12,6,11,1,10,9,1,1,NA,NA,1,1,NA,NA,NA,NA,NA,1,NA,1,NA,2,"",1,"",31,5,NA,"","lifelines_e6"
"62","5/23/22 11:21","5/23/22 11:41",0,100,1192,1,"5/23/22 11:41","R_2eVTczykEx9kQkm",NA,NA,NA,NA,28.3939,-81.4216,"anonymous","EN",1,2,2,NA,NA,NA,NA,5,1,2,NA,NA,NA,NA,NA,NA,NA,94,95,"good","19000",7,6,11,1,9,10,3,2,4,12,5,8,5,3,12,4,6,11,1,8,2,7,10,9,1,4,NA,NA,1,NA,NA,NA,NA,NA,NA,NA,1,NA,NA,2,"",2,"",39,3,NA,"","lifelines_e6"
"63","5/23/22 11:33","5/23/22 11:41",0,100,519,1,"5/23/22 11:41","R_2YfeaUOLRAljdNp",NA,NA,NA,NA,27.96,-82.4614,"anonymous","EN",1,2,2,NA,NA,NA,NA,5,1,2,NA,NA,NA,NA,NA,NA,NA,71,71,"good","22000",2,1,6,10,5,4,8,7,3,12,11,9,8,2,1,10,11,6,9,12,4,3,5,7,1,2,NA,NA,NA,NA,NA,NA,NA,NA,NA,NA,NA,NA,1,2,"",1,"",62,5,NA,"","lifelines_e6"
"64","5/23/22 11:36","5/23/22 11:42",0,100,334,1,"5/23/22 11:42","R_0vUeCNpvfWd77nX",NA,NA,NA,NA,34.029,-118.4005,"anonymous","EN",1,2,2,NA,NA,NA,NA,5,1,2,NA,NA,NA,NA,NA,NA,NA,60,40,"turbulent","15000",7,1,2,3,11,12,6,5,4,9,10,8,9,3,11,7,4,5,12,8,2,1,6,10,1,2,NA,NA,NA,NA,NA,NA,NA,NA,NA,NA,NA,NA,1,1,"",1,"",34,5,NA,"","lifelines_e6"
"65","5/23/22 11:42","5/23/22 11:46",0,100,239,1,"5/23/22 11:46","R_1NmjNwa6eACcoiJ",NA,NA,NA,NA,35.8025,-78.6405,"anonymous","EN",1,2,2,NA,NA,NA,NA,5,1,2,NA,NA,NA,NA,NA,NA,NA,75,70,"joyous","20000",4,5,2,8,1,10,3,11,7,12,9,6,8,9,2,3,10,6,5,7,11,12,4,1,1,2,NA,NA,NA,NA,NA,NA,NA,NA,NA,NA,NA,NA,1,2,"",4,"",28,5,NA,"none","lifelines_e6"
"66","5/23/22 11:39","5/23/22 11:47",0,100,463,1,"5/23/22 11:47","R_0Ne9DjiXdwMSqkN",NA,NA,NA,NA,40.6737,-73.5336,"anonymous","EN",1,2,2,NA,NA,NA,NA,5,1,2,NA,NA,NA,NA,NA,NA,NA,90,90,"Happy","15000",1,4,3,9,2,11,10,7,6,8,12,5,3,5,4,12,1,9,10,7,8,6,11,2,1,2,NA,NA,NA,NA,NA,NA,NA,NA,NA,NA,NA,NA,1,1,"",1,"",34,5,NA,"Great Study, hope to do more in the future.","lifelines_e6"
"67","5/23/22 11:43","5/23/22 11:47",0,100,243,1,"5/23/22 11:47","R_3g7XTpzjiumq1rE",NA,NA,NA,NA,38.2132,-84.5455,"anonymous","EN",1,2,2,NA,NA,NA,NA,5,1,2,NA,NA,NA,NA,NA,NA,NA,30,15,"unpredictable","18000",9,7,5,4,6,3,8,2,1,11,12,10,8,10,4,1,7,3,11,2,6,12,5,9,1,2,NA,NA,NA,1,NA,NA,NA,NA,NA,NA,NA,NA,NA,2,"",1,"",35,3,NA,"","lifelines_e6"
"68","5/23/22 11:29","5/23/22 11:47",0,100,1043,1,"5/23/22 11:47","R_3e2n2SgQCfDlxHH",NA,NA,NA,NA,32.9167,-117.0903,"anonymous","EN",1,2,2,NA,NA,NA,NA,5,1,2,NA,NA,NA,NA,NA,NA,NA,60,60,"vacillating ","20000",8,9,2,10,7,3,6,4,5,11,12,1,2,1,3,4,11,6,8,5,12,7,10,9,1,2,NA,NA,NA,NA,NA,NA,NA,NA,NA,NA,NA,NA,1,2,"",1,"",65,7,NA,"different way of rating so interesting!","lifelines_e6"
"69","5/23/22 11:40","5/23/22 11:47",0,100,445,1,"5/23/22 11:47","R_1P6t8GgZA1Z8qYW",NA,NA,NA,NA,43.6055,-84.7796,"anonymous","EN",1,2,2,NA,NA,NA,NA,5,1,2,NA,NA,NA,NA,NA,NA,NA,4,0,"difficult","14000",4,6,1,7,5,11,2,12,8,3,10,9,2,4,8,7,11,9,5,10,12,1,6,3,1,2,NA,NA,NA,NA,NA,NA,NA,NA,NA,NA,NA,NA,1,1,"",1,"",37,4,NA,"thanks!","lifelines_e6"
"70","5/23/22 11:44","5/23/22 11:48",0,100,263,1,"5/23/22 11:48","R_1pVCHki3Fmp2uvR",NA,NA,NA,NA,42.2807,-83.7801,"anonymous","EN",1,2,2,NA,NA,NA,NA,5,1,2,NA,NA,NA,NA,NA,NA,NA,55,35,"swinging","20000",6,10,8,9,2,3,7,5,1,11,12,4,7,9,10,12,1,5,8,6,2,4,11,3,1,2,NA,NA,NA,NA,NA,NA,NA,NA,NA,NA,NA,NA,1,1,"",1,"",36,3,NA,"n/a","lifelines_e6"
"71","5/23/22 11:44","5/23/22 11:51",0,100,386,1,"5/23/22 11:51","R_OBYM8rBkbTIMf4J",NA,NA,NA,NA,42.7273,-73.6696,"anonymous","EN",1,2,2,NA,NA,NA,NA,3,2,1,38.95,38.95,82.117,1,5,2,1,69,69,"very","20000",12,7,8,2,6,9,4,11,1,5,10,3,12,7,8,3,6,9,4,11,1,5,10,2,3,3,1,NA,NA,NA,NA,NA,NA,NA,NA,NA,NA,NA,NA,1,"",1,"",52,6,NA,"well","lifelines_e6"
"72","5/23/22 11:44","5/23/22 11:52",0,100,457,1,"5/23/22 11:52","R_3RjCbMWWpVYgU7w",NA,NA,NA,NA,40.6286,-73.939,"anonymous","EN",1,2,2,NA,NA,NA,NA,5,1,2,NA,NA,NA,NA,NA,NA,NA,35,9,"Unpredictable","13000",8,7,10,11,1,9,2,4,3,6,12,5,6,7,8,3,2,1,5,11,9,12,4,10,1,2,NA,NA,NA,NA,NA,NA,NA,NA,NA,NA,NA,NA,1,2,"",1,"",60,5,NA,"No.","lifelines_e6"
"73","5/23/22 11:48","5/23/22 11:52",0,100,285,1,"5/23/22 11:52","R_3MlMW1rFJTYnyKz",NA,NA,NA,NA,33.906,-84.184,"anonymous","EN",1,2,2,NA,NA,NA,NA,5,1,2,NA,NA,NA,NA,NA,NA,NA,80,60,"content","15000",7,12,11,4,1,5,10,6,3,9,8,2,6,12,11,2,3,7,10,9,5,8,4,1,1,2,NA,NA,NA,NA,NA,NA,NA,NA,NA,NA,NA,NA,1,2,"",1,"",55,5,NA,"no","lifelines_e6"
"74","5/23/22 11:48","5/23/22 11:55",0,100,421,1,"5/23/22 11:55","R_OvPYnCZdvU2YMpP",NA,NA,NA,NA,35.8308,-90.7023,"anonymous","EN",1,2,2,NA,NA,NA,NA,5,1,2,NA,NA,NA,NA,NA,NA,NA,81,39,"happy","18000",8,9,1,4,3,2,6,5,7,11,10,12,4,5,10,7,2,1,8,3,6,9,11,12,1,2,NA,NA,NA,NA,NA,NA,NA,NA,NA,NA,NA,NA,1,1,"",1,"",41,3,NA,"no","lifelines_e6"
"75","5/23/22 11:49","5/23/22 11:56",0,100,462,1,"5/23/22 11:56","R_1LuKVnQE8OL48oT",NA,NA,NA,NA,42.5575,-71.1736,"anonymous","EN",1,2,2,NA,NA,NA,NA,5,6,2,31.493,31.493,82.007,1,5,5,1,69,55,"good","10000",2,11,9,4,1,12,5,6,8,10,3,7,2,10,7,4,1,11,5,6,8,9,3,12,3,3,NA,NA,NA,NA,NA,NA,NA,NA,NA,NA,NA,NA,1,1,"",1,"",NA,6,NA,"","lifelines_e6"
"76","5/23/22 11:41","5/23/22 11:59",0,100,1030,1,"5/23/22 11:59","R_PRmulkC1zcSUThD",NA,NA,NA,NA,43.0747,-77.5181,"anonymous","EN",1,2,2,NA,NA,NA,NA,5,4,2,0,0,82.011,0,1,5,1,19,2,"rollercoaster ","18000",6,5,8,11,1,9,2,7,4,3,12,10,6,7,1,3,8,10,4,11,5,2,9,12,1,2,NA,NA,NA,NA,NA,NA,NA,NA,NA,NA,NA,NA,1,2,"",1,"",38,4,NA,"thank you","lifelines_e6"
"77","5/23/22 11:47","5/23/22 12:00",0,100,744,1,"5/23/22 12:00","R_5sYuaKiBnxkBbJT",NA,NA,NA,NA,33.3289,-111.8658,"anonymous","EN",1,2,2,NA,NA,NA,NA,5,1,2,NA,NA,NA,NA,NA,NA,NA,70,16,"improved","22000",8,7,6,9,1,2,4,5,3,11,10,12,10,2,6,1,5,9,7,11,8,3,4,12,1,2,NA,NA,NA,NA,NA,NA,NA,NA,NA,1,1,1,NA,2,"",1,"",52,4,NA,"","lifelines_e6"
"78","5/23/22 11:52","5/23/22 12:00",0,100,496,1,"5/23/22 12:00","R_3CNoNd71yMmRdpw",NA,NA,NA,NA,39.715,-75.6178,"anonymous","EN",1,2,2,NA,NA,NA,NA,5,1,2,NA,NA,NA,NA,NA,NA,NA,83,81,"uneven","15000",5,12,1,3,9,7,4,6,2,10,11,8,4,11,2,5,9,8,3,6,1,10,12,7,1,4,NA,NA,NA,NA,NA,NA,NA,NA,NA,1,1,NA,NA,2,"",2,"",30,5,NA,"none","lifelines_e6"
"79","5/23/22 11:56","5/23/22 12:01",0,100,322,1,"5/23/22 12:01","R_1qgqNQ13HVmxzSQ",NA,NA,NA,NA,37.8065,-85.4592,"anonymous","EN",1,2,2,NA,NA,NA,NA,5,1,2,NA,NA,NA,NA,NA,NA,NA,40,27,"unpredictable","10000",1,6,2,12,9,10,11,4,8,7,5,3,8,11,3,12,10,9,7,1,6,5,4,2,1,2,NA,NA,NA,NA,NA,NA,NA,NA,NA,NA,NA,NA,1,2,"",4,"",24,3,NA,"","lifelines_e6"
"80","5/23/22 11:58","5/23/22 12:03",0,100,277,1,"5/23/22 12:03","R_1DzNZPQXSEHtkHB",NA,NA,NA,NA,29.8304,-95.3786,"anonymous","EN",1,2,2,NA,NA,NA,NA,5,1,2,NA,NA,NA,NA,NA,NA,NA,9,1,"Frustrating","8000",1,9,3,2,4,10,6,12,5,11,7,8,5,7,8,9,2,12,1,11,3,10,4,6,1,2,NA,NA,NA,NA,NA,NA,NA,NA,NA,NA,NA,NA,1,1,"",1,"",37,4,NA,"No. Thank you.","lifelines_e6"
"81","5/23/22 11:58","5/23/22 12:06",0,100,433,1,"5/23/22 12:06","R_1pPWpw9UhvU5OJE",NA,NA,NA,NA,38.8892,-76.9417,"anonymous","EN",1,2,2,NA,NA,NA,NA,3,3,3,6.466,6.466,82.023,1,3,5,2,56,78,"Success ","WELL",4,9,8,5,11,1,3,7,12,2,6,10,5,8,9,3,12,1,2,7,10,4,6,11,3,3,NA,1,NA,NA,NA,NA,NA,NA,NA,NA,NA,1,NA,2,"",2,"",41,6,NA,"GOODS","lifelines_e6"
"82","5/23/22 12:03","5/23/22 12:07",0,100,253,1,"5/23/22 12:07","R_2fD0MuLkJxPAnK7",NA,NA,NA,NA,28.4797,-82.5562,"anonymous","EN",1,2,2,NA,NA,NA,NA,5,1,2,NA,NA,NA,NA,NA,NA,NA,91,91,"great","20000",10,7,12,11,9,6,8,4,2,3,5,1,7,8,11,10,12,6,9,5,1,3,4,2,1,2,NA,NA,NA,NA,NA,NA,NA,NA,NA,NA,NA,NA,1,1,"",1,"",33,2,NA,"no","lifelines_e6"
"83","5/23/22 12:06","5/23/22 12:09",0,100,149,1,"5/23/22 12:09","R_R31xPQI1fueOzWp",NA,NA,NA,NA,37.3053,-79.9252,"anonymous","EN",1,2,2,NA,NA,NA,NA,5,1,2,NA,NA,NA,NA,NA,NA,NA,8,0,"Rollercoaster","15000",10,2,3,7,9,8,1,4,5,6,12,11,12,5,8,4,9,7,3,1,10,6,11,2,1,2,NA,NA,NA,NA,NA,NA,NA,NA,NA,NA,NA,NA,1,1,"",1,"",31,3,NA,"No, thank you.","lifelines_e6"
"84","5/23/22 12:04","5/23/22 12:13",0,100,526,1,"5/23/22 12:13","R_32LcsKNDQ93NTPe",NA,NA,NA,NA,45.0116,-93.0351,"anonymous","EN",1,2,2,NA,NA,NA,NA,5,1,2,NA,NA,NA,NA,NA,NA,NA,71,63,"satisfied","18500",1,10,8,12,9,3,2,5,11,7,6,4,2,12,11,10,8,7,5,3,9,1,6,4,1,2,NA,NA,NA,NA,NA,NA,NA,NA,NA,NA,NA,NA,1,1,"",1,"",37,5,NA,"","lifelines_e6"
"85","5/23/22 12:07","5/23/22 12:13",0,100,366,1,"5/23/22 12:13","R_ApQgShwhN3JsdFf",NA,NA,NA,NA,36.2473,-115.2821,"anonymous","EN",1,2,2,NA,NA,NA,NA,5,1,2,NA,NA,NA,NA,NA,NA,NA,78,40,"Relief","17500",6,8,12,7,1,2,5,4,3,10,11,9,4,12,7,8,11,10,3,1,9,5,6,2,1,2,NA,NA,NA,NA,NA,NA,NA,NA,NA,NA,NA,NA,1,1,"",3,"",27,4,NA,"","lifelines_e6"
"86","5/23/22 12:18","5/23/22 12:21",0,100,186,1,"5/23/22 12:21","R_248UGAvJSfXrz4q",NA,NA,NA,NA,42.8856,-78.8736,"anonymous","EN",1,2,2,NA,NA,NA,NA,5,1,2,NA,NA,NA,NA,NA,NA,NA,72,77,"satisfied","15000",8,1,5,4,7,2,3,9,6,10,11,12,11,2,9,7,10,4,1,12,6,5,3,8,1,3,NA,NA,NA,NA,NA,NA,NA,NA,NA,NA,NA,NA,1,2,"",1,"",40,5,NA,"","lifelines_e6"
"87","5/23/22 12:19","5/23/22 12:25",0,100,376,1,"5/23/22 12:25","R_3n26DlBydXEzjiy",NA,NA,NA,NA,35.4155,-80.6143,"anonymous","EN",1,2,2,NA,NA,NA,NA,5,1,2,NA,NA,NA,NA,NA,NA,NA,60,8,"Varied","0",6,3,8,5,7,9,4,1,2,11,12,10,5,12,4,11,1,8,7,9,6,10,2,3,1,2,NA,NA,NA,NA,NA,NA,NA,NA,NA,NA,NA,NA,1,4,"non binary",1,"",30,5,NA,"","lifelines_e6"
"88","5/23/22 12:17","5/23/22 12:25",0,100,506,1,"5/23/22 12:25","R_3kbIYsUsjIg0IGM",NA,NA,NA,NA,39.508,-121.4571,"anonymous","EN",1,2,2,NA,NA,NA,NA,5,1,2,NA,NA,NA,NA,NA,NA,NA,80,70,"comfortable","15500",6,2,3,9,7,10,11,12,8,5,4,1,10,1,2,6,3,9,7,8,4,12,5,11,1,2,NA,NA,NA,NA,NA,NA,NA,NA,NA,NA,NA,NA,1,2,"",1,"",49,5,NA,"None","lifelines_e6"
"89","5/23/22 12:25","5/23/22 12:31",0,100,356,1,"5/23/22 12:31","R_XFZSGzMgnfM5mH7",NA,NA,NA,NA,32.5522,-82.8721,"anonymous","EN",1,2,2,NA,NA,NA,NA,5,1,2,NA,NA,NA,NA,NA,NA,NA,10,0,"stressful","5000",5,4,6,9,3,7,2,8,1,11,10,12,7,5,6,12,3,2,10,11,9,4,8,1,1,2,NA,NA,NA,1,NA,NA,NA,NA,NA,1,1,1,NA,2,"",1,"",32,4,NA,"","lifelines_e6"
"90","5/23/22 12:28","5/23/22 12:32",0,100,210,1,"5/23/22 12:32","R_2YEZTnOwLIZIaCn",NA,NA,NA,NA,37.2697,-81.2212,"anonymous","EN",1,2,2,NA,NA,NA,NA,5,1,2,NA,NA,NA,NA,NA,NA,NA,82,57,"shifting ","15000",1,9,3,5,10,11,4,12,2,6,7,8,2,12,3,6,8,10,4,11,1,5,7,9,1,2,NA,NA,NA,NA,NA,NA,NA,NA,NA,1,NA,NA,NA,2,"",1,"",23,5,NA,"","lifelines_e6"
"91","5/23/22 12:20","5/23/22 12:32",0,100,690,1,"5/23/22 12:32","R_Y3QoaL2TZxkiD2p",NA,NA,NA,NA,27.7889,-82.7192,"anonymous","EN",1,2,2,NA,NA,NA,NA,5,4,2,0,0,82.011,0,1,5,1,43,37,"rocky","18000",3,10,12,5,6,4,2,1,7,9,11,8,12,8,10,2,4,7,1,3,6,5,9,11,1,2,NA,NA,NA,NA,NA,NA,NA,NA,NA,1,NA,NA,NA,1,"",1,"",31,4,NA,"","lifelines_e6"
"92","5/23/22 12:25","5/23/22 12:45",0,100,1240,1,"5/23/22 12:45","R_0MrRP7ygIwTrz1v",NA,NA,NA,NA,40.7157,-74,"anonymous","EN",1,2,2,NA,NA,NA,NA,5,1,2,NA,NA,NA,NA,NA,NA,NA,41,41,"average","15000",5,7,11,12,8,3,4,10,9,6,2,1,4,7,11,12,8,3,5,10,9,6,1,2,3,3,NA,NA,NA,NA,NA,NA,NA,NA,NA,1,NA,NA,NA,2,"",5,"black american",28,5,NA,"","lifelines_e6"
"93","5/23/22 12:44","5/23/22 12:48",0,100,219,1,"5/23/22 12:48","R_psChhrxZac0TL8d",NA,NA,NA,NA,35.3135,-81.5599,"anonymous","EN",1,2,2,NA,NA,NA,NA,5,1,2,NA,NA,NA,NA,NA,NA,NA,31,18,"Rollercoaster","12000",4,6,5,12,3,11,1,7,2,9,8,10,7,8,10,12,3,11,2,4,1,6,5,9,1,2,NA,NA,NA,NA,NA,NA,NA,NA,NA,1,1,1,NA,2,"",1,"",34,5,NA,"","lifelines_e6"
"94","5/23/22 12:41","5/23/22 12:49",0,100,452,1,"5/23/22 12:49","R_rjoB33ad7TKu1Sp",NA,NA,NA,NA,46.5922,-120.53,"anonymous","EN",1,2,2,NA,NA,NA,NA,5,1,2,NA,NA,NA,NA,NA,NA,NA,60,0,"relieved","20000",1,12,6,5,2,3,8,4,7,10,11,9,7,12,6,5,2,4,10,1,8,3,9,11,1,1,NA,NA,NA,NA,NA,NA,NA,NA,NA,1,NA,NA,NA,2,"",1,"",54,5,NA,"no","lifelines_e6"
"95","5/23/22 12:48","5/23/22 12:52",0,100,262,1,"5/23/22 12:52","R_cMkljRaRQNNVKlb",NA,NA,NA,NA,34.0034,-84.4605,"anonymous","EN",1,2,2,NA,NA,NA,NA,5,1,2,NA,NA,NA,NA,NA,NA,NA,80,90,"Rewarding","20000",5,2,1,12,10,6,3,9,8,7,11,4,4,9,1,12,11,6,2,10,7,8,5,3,1,2,NA,NA,NA,NA,NA,NA,NA,NA,NA,NA,NA,NA,1,1,"",3,"",41,8,NA,"none","lifelines_e6"
"96","5/23/22 13:02","5/23/22 13:08",0,100,365,1,"5/23/22 13:08","R_1oopo9wbKdnqvnl",NA,NA,NA,NA,33.3708,-84.8154,"anonymous","EN",1,2,2,NA,NA,NA,NA,5,1,2,NA,NA,NA,NA,NA,NA,NA,18,0,"mixed","0",6,5,3,9,10,7,1,11,2,8,12,4,1,2,11,5,6,3,12,9,8,4,10,7,3,2,NA,NA,NA,NA,NA,NA,NA,NA,NA,NA,NA,NA,1,1,"",1,"",48,4,NA,"no","lifelines_e6"
"97","5/23/22 12:22","5/23/22 13:10",0,100,2879,1,"5/23/22 13:10","R_1LuGrLF8kbzIf6Q",NA,NA,NA,NA,-1.2841,36.8155,"anonymous","EN",1,2,2,NA,NA,NA,NA,5,1,2,NA,NA,NA,NA,NA,NA,NA,46,56,"changing","1000",6,9,7,4,8,11,12,5,2,10,1,3,5,9,7,3,8,11,12,4,1,10,2,6,2,2,NA,NA,NA,NA,NA,NA,NA,NA,NA,NA,NA,NA,1,1,"",2,"",24,5,NA,"","lifelines_e6"
"98","5/23/22 13:21","5/23/22 13:30",0,100,577,1,"5/23/22 13:30","R_3rMR4lGLTfMgoRK",NA,NA,NA,NA,29.2007,-81.0388,"anonymous","EN",1,2,2,NA,NA,NA,NA,5,1,2,NA,NA,NA,NA,NA,NA,NA,32,4,"irratic","8000",9,7,5,8,6,10,3,4,2,1,11,12,8,12,4,11,1,3,9,2,10,5,7,6,1,2,NA,NA,NA,NA,NA,NA,NA,NA,NA,NA,NA,NA,1,1,"",1,"",51,5,NA,"This was better than the average survey as it was different and challenging.","lifelines_e6"
"99","5/23/22 13:31","5/23/22 13:39",0,100,488,1,"5/23/22 13:39","R_pxARljQFnn2xdsd",NA,NA,NA,NA,38.8078,-77.0523,"anonymous","EN",1,2,2,NA,NA,NA,NA,5,1,2,NA,NA,NA,NA,NA,NA,NA,29,21,"Exhausted","11000",5,4,10,12,1,2,8,9,3,6,11,7,1,7,4,11,6,5,8,3,2,9,12,10,1,2,NA,NA,NA,NA,NA,NA,NA,NA,NA,NA,NA,1,NA,1,"",2,"",33,5,NA,"","lifelines_e6"
"100","5/23/22 14:42","5/23/22 14:56",0,100,880,1,"5/23/22 14:56","R_1LBujYz3ewQkn79",NA,NA,NA,NA,40.8244,-81.3398,"anonymous","EN",1,2,2,NA,NA,NA,NA,5,1,2,NA,NA,NA,NA,NA,NA,NA,50,5,"difficult","15000",1,10,8,12,2,9,11,4,6,5,7,3,1,7,11,12,8,6,9,2,4,3,5,10,1,2,NA,NA,NA,NA,NA,NA,NA,NA,NA,NA,NA,NA,1,2,"",1,"",54,4,NA,"","lifelines_e6"
