StartDate,EndDate,Status,IPAddress,Progress,Duration (in seconds),Finished,RecordedDate,ResponseId,RecipientLastName,RecipientFirstName,RecipientEmail,ExternalReference,LocationLatitude,LocationLongitude,DistributionChannel,UserLanguage,consent_response,att_check_1,att_check_2,att_check_3_1,att_check_3_2,att_check_3_3,att_check_4,comp_check_1,comp_check_2,comp_check_3,timer_First Click,timer_Last Click,timer_Page Submit,timer_Click Count,comp_check_4,comp_check_5,comp_check_6,lrsfer_satisfy_1,lrsfer_preference_1,lrsfer_word_gen_1,lrsfer_pay,rank_data_1,rank_data_2,rank_data_16,rank_data_3,rank_data_17,rank_data_18,rank_data_19,rank_data_15,rank_data_6,rank_data_9,rank_data_10,rank_data_11,rank_data_DO_1,rank_data_DO_2,rank_data_DO_16,rank_data_DO_3,rank_data_DO_17,rank_data_DO_18,rank_data_DO_19,rank_data_DO_15,rank_data_DO_6,rank_data_DO_9,rank_data_DO_10,rank_data_DO_11,comp_check_7,comp_check_8,comp_check_9_1,comp_check_9_3,comp_check_9_7,comp_check_9_2,comp_check_9_4,comp_check_9_5,comp_check_9_8,comp_check_9_9,comp_check_9_10,comp_check_9_6,comp_check_9_11,comp_check_9_12,comp_check_9_13,gender,gender_4_TEXT,ethnicity,ethnicity_5_TEXT,age,education,education_9_TEXT,comments,StudyID
5/23/22 8:11,5/23/22 8:15,0,70.229.208.176,100,211,1,5/23/22 8:15,R_1jVPRIXST8e1XpS,,,,,38.0004,-121.3105,anonymous,EN,1,2,2,,,,,5,1,2,,,,,,,,59,41,Enough,20000,5,8,1,2,3,4,10,11,9,7,12,6,8,2,10,11,9,1,6,7,5,4,12,3,1,2,,,,,,,,,,,,,1,1,,1,,24,4,,,lifelines_e6
5/23/22 8:10,5/23/22 8:15,0,71.29.187.22,100,285,1,5/23/22 8:15,R_cIRprwILwyoYOEF,,,,,37.8868,-84.5667,anonymous,EN,1,2,2,,,,,5,1,2,,,,,,,,75,70,adequate,15000,5,7,4,6,1,8,3,2,9,11,10,12,5,11,2,4,3,7,12,1,9,6,8,10,1,2,,,,,,,,,,,,,1,1,,1,,32,2,,,lifelines_e6
5/23/22 8:10,5/23/22 8:15,0,184.152.226.168,100,293,1,5/23/22 8:15,R_3FeWNaLMezqJ0tz,,,,,40.738,-73.9858,anonymous,EN,1,2,2,,,,,5,1,2,,,,,,,,72,58,satisfactory,17000,8,3,11,9,1,2,12,10,6,4,5,7,8,3,11,9,2,1,12,10,6,4,5,7,1,2,,,,1,,,,,,1,,,,2,,4,,37,5,,No,lifelines_e6
5/23/22 8:10,5/23/22 8:16,0,202.182.64.186,100,329,1,5/23/22 8:16,R_1NaZQ7uJz9Pg0Jy,,,,,40.6446,-73.9743,anonymous,EN,1,2,2,,,,,3,2,2,0,0,82.11,0,5,5,4,46,63,HAPPY,1000,11,7,9,6,3,12,5,4,1,8,10,2,9,7,10,6,4,12,3,5,1,8,11,2,3,4,,,,,,,,,,,,,1,1,,1,,42,5,,,lifelines_e6
5/23/22 8:16,5/23/22 8:21,0,70.63.197.100,100,348,1,5/23/22 8:21,R_1HcLaNBElEwsjlT,,,,,34.3196,-77.9112,anonymous,EN,1,2,2,,,,,5,1,2,,,,,,,,70,80,Fluctuating ,18000,8,3,6,11,5,4,7,9,10,1,12,2,8,9,2,11,6,1,5,12,10,3,7,4,1,2,,,,,,,,,,,,,1,1,,1,,29,5,,,lifelines_e6
5/23/22 8:16,5/23/22 8:22,0,185.115.146.58,100,351,1,5/23/22 8:22,R_6fkfKWltywUIrVD,,,,,39.018,-77.539,anonymous,EN,1,2,2,,,,,4,2,2,0,0,82.009,0,3,4,3,50,65,50,15000,6,10,1,5,9,12,8,3,4,2,11,7,3,11,5,6,8,9,7,2,4,1,12,10,3,3,,1,,,,1,,,,,,1,,1,,1,,42,5,,Thank you,lifelines_e6
5/23/22 8:19,5/23/22 8:23,0,107.77.196.49,100,284,1,5/23/22 8:23,R_28TYED1S4EesG0f,,,,,32.8964,-96.8635,anonymous,EN,1,2,2,,,,,5,1,2,,,,,,,,59,27,Unstable,20000,11,10,1,2,3,7,6,5,4,12,8,9,11,8,2,5,3,9,6,4,7,1,10,12,1,2,,,,,,,,,,1,,,,1,,1,,40,5,,,lifelines_e6
5/23/22 8:20,5/23/22 8:25,0,104.222.95.42,100,282,1,5/23/22 8:25,R_31T9CFrMCfXAq9r,,,,,42.0713,-94.8746,anonymous,EN,1,2,2,,,,,5,1,2,,,,,,,,75,69,Decent,20000,7,8,1,6,5,9,4,3,2,12,10,11,5,7,9,2,1,12,4,3,6,11,8,10,1,2,,,,,,,,,,,,,1,2,,1,,31,5,,,lifelines_e6
5/23/22 8:23,5/23/22 8:28,0,75.4.216.39,100,262,1,5/23/22 8:28,R_3ilKIrKcQgFhsLU,,,,,34.0034,-84.4605,anonymous,EN,1,2,2,,,,,5,1,2,,,,,,,,0,0,unacceptable.,0,7,6,12,10,2,3,1,5,4,8,9,11,7,8,12,9,5,1,3,10,6,2,4,11,2,2,,,,,,,,,,,,,1,2,,1,,40,5,,,lifelines_e6
5/23/22 8:53,5/23/22 8:57,0,74.122.61.60,100,243,1,5/23/22 8:57,R_2QuCPmsuD3nWmlf,,,,,39.0469,-77.4903,anonymous,EN,1,2,2,,,,,5,1,2,,,,,,,,71,37,good,2000,5,2,4,1,7,11,9,6,10,3,12,8,10,3,12,9,2,5,8,4,7,6,11,1,3,1,,,1,,,,,,,,,,,2,,1,,29,5,,It was good to complete this study.,lifelines_e6
5/23/22 8:51,5/23/22 9:02,0,69.127.161.171,100,655,1,5/23/22 9:02,R_31bFQykTZ1yCuzJ,,,,,40.8703,-73.8525,anonymous,EN,1,2,2,,,,,5,5,4,0,0,82.013,0,1,5,1,82,71,smooth,"15,000",3,4,2,1,5,6,7,9,8,11,10,12,1,12,7,3,6,11,5,2,4,9,8,10,1,2,1,1,1,,,1,1,1,1,1,,,,2,,1,,23,4,,no comments,lifelines_e6
5/23/22 8:58,5/23/22 9:03,0,172.58.77.123,100,279,1,5/23/22 9:03,R_3RkhvuZQdud3svq,,,,,36.1788,-115.1715,anonymous,EN,1,2,2,,,,,5,1,2,,,,,,,,51,20,They only had two times they weren't feeling stressed.,"20,000",7,6,9,8,3,4,2,1,5,12,10,11,10,7,12,9,3,2,4,1,6,11,5,8,2,4,,,,,,,,,,,,1,,2,,1,,29,5,,,lifelines_e6
5/23/22 8:59,5/23/22 9:09,0,24.164.182.15,100,618,1,5/23/22 9:09,R_3RlVDoJ8yrIZ3oS,,,,,41.6181,-74.3266,anonymous,EN,1,2,2,,,,,5,4,2,0,0,82.107,0,1,5,1,45,40,Rollercoaster,15000,5,1,4,9,6,8,3,7,2,11,12,10,7,1,9,8,12,6,5,10,11,3,2,4,1,2,,,,,,,,,,,,,1,1,,1,,32,3,,,lifelines_e6
5/23/22 9:10,5/23/22 9:16,0,73.21.2.18,100,317,1,5/23/22 9:16,R_PwGv2hU7X07YJ45,,,,,31.9948,-81.2335,anonymous,EN,1,2,2,,,,,5,1,2,,,,,,,,15,3,unfavorable,12000,3,4,1,6,8,2,7,9,5,12,11,10,3,4,9,5,12,7,1,2,6,10,11,8,1,2,,,,,,,,,,,,,1,1,,1,,25,2,,none,lifelines_e6
5/23/22 9:21,5/23/22 9:25,0,24.192.184.149,100,284,1,5/23/22 9:25,R_yQMSotfC1BmrFnz,,,,,42.495,-82.9007,anonymous,EN,1,2,2,,,,,5,1,2,,,,,,,,70,50,upward,15000,7,2,1,11,5,9,8,10,6,3,12,4,8,1,4,10,7,9,11,12,5,2,6,3,1,2,,,,,,,,,,,,,1,1,,1,,38,2,,,lifelines_e6
5/23/22 9:21,5/23/22 9:26,0,72.87.118.229,100,297,1,5/23/22 9:26,R_1F5FbMpeMniqZsV,,,,,41.4443,-71.5317,anonymous,EN,1,2,2,,,,,5,1,2,,,,,,,,60,10,bumpy,20000,3,4,1,2,7,10,9,8,6,12,11,5,1,6,8,2,4,10,9,7,3,12,11,5,1,2,,,,,,,,,,1,,,,1,,1,,38,4,,,lifelines_e6
5/23/22 9:18,5/23/22 9:31,0,24.61.250.106,100,790,1,5/23/22 9:31,R_1ro9OcNQvvuM3Ou,,,,,41.3764,-72.454,anonymous,EN,1,2,2,,,,,5,1,2,,,,,,,,90,88,fixed,20000,6,5,1,2,9,8,10,11,12,7,4,3,6,5,10,2,3,9,8,1,12,11,7,4,1,2,,,,,,,,,,,,,1,2,,4,,40,4,,no,lifelines_e6
5/23/22 9:23,5/23/22 9:35,0,69.176.21.104,100,740,1,5/23/22 9:35,R_3oMFh2tHvl6FrKk,,,,,37.4024,-82.0291,anonymous,EN,1,2,2,,,,,5,1,2,,,,,,,,71,79,satisfied ,20000,10,8,1,5,2,3,6,11,4,12,7,9,10,8,5,7,4,2,12,11,1,3,6,9,1,2,,,,,,,,,,,,,1,1,,1,,42,2,,,lifelines_e6
5/23/22 9:32,5/23/22 9:40,0,68.108.14.117,100,491,1,5/23/22 9:40,R_2EiNpSb3l19ik9t,,,,,35.9937,-115.2867,anonymous,EN,1,2,2,,,,,5,1,2,,,,,,,,48,48,"Low happiness, gained happiness until touchpoint 40, the low happiness with an increase in happiness at the end of the exerience.",20000,9,12,2,10,5,4,3,6,11,7,8,1,9,12,1,8,6,2,3,5,11,4,7,10,1,2,,,,,,,,,,,,,1,2,,1,,54,6,,none,lifelines_e6
5/23/22 10:19,5/23/22 10:24,0,202.182.64.66,100,305,1,5/23/22 10:24,R_Rn9V19XRclVXZcd,,,,,40.6446,-73.9743,anonymous,EN,1,1,1,83,85,89,1,4,4,2,0,0,82.009,0,3,5,1,80,79,GOOD,20000,6,12,7,9,1,8,2,5,11,10,3,4,6,12,7,9,3,8,2,5,11,10,1,4,1,3,1,1,1,,,,,,,,,,,2,,2,,34,6,,GOOD,lifelines_e6
5/23/22 11:12,5/23/22 11:16,0,70.126.253.97,100,201,1,5/23/22 11:16,R_2QAsFELR5wn4KZp,,,,,28.1131,-81.6241,anonymous,EN,1,2,2,,,,,5,1,2,,,,,,,,71,69,Happy,20000,10,11,1,12,2,3,9,4,5,8,7,6,6,12,10,9,1,11,2,4,3,8,7,5,1,2,,,,1,,,,,,,,,,1,,1,,39,4,,,lifelines_e6
5/23/22 11:12,5/23/22 11:17,0,174.96.166.174,100,287,1,5/23/22 11:17,R_1l515jJBX2V31dd,,,,,39.9072,-82.7553,anonymous,EN,1,2,2,,,,,5,1,2,,,,,,,,60,10,Uncertain,18000,5,2,8,10,1,6,3,4,7,11,12,9,10,7,4,11,2,5,8,6,9,3,1,12,1,2,,,,,,,,,,,,,1,1,,1,,23,5,,,lifelines_e6
5/23/22 11:12,5/23/22 11:18,0,69.127.176.174,100,338,1,5/23/22 11:18,R_3gTuyisLh6ZWh3B,,,,,40.873,-73.8233,anonymous,EN,1,2,2,,,,,5,1,2,,,,,,,,58,33,hiccup,20000,5,4,1,3,6,2,7,9,8,11,12,10,10,6,3,12,9,5,1,8,7,4,2,11,1,2,,,,,,,,,,,,,1,1,,1,,33,5,,no,lifelines_e6
5/23/22 11:12,5/23/22 11:18,0,206.255.235.124,100,351,1,5/23/22 11:18,R_3KDdvcnJCf94PTi,,,,,34.1892,-92.0495,anonymous,EN,1,2,2,,,,,5,1,2,,,,,,,,60,45,common,22000,3,2,1,4,7,5,11,9,6,12,8,10,11,8,12,10,6,5,3,4,2,9,1,7,1,2,,,,,,,,,,,,,1,1,,1,,39,2,,,lifelines_e6
5/23/22 11:12,5/23/22 11:19,0,107.4.50.69,100,388,1,5/23/22 11:19,R_3MrgfgccOt2IAh6,,,,,42.7686,-86.117,anonymous,EN,1,2,2,,,,,5,1,2,,,,,,,,60,50,mixed,10000,4,5,8,6,1,2,7,9,3,11,12,10,1,5,10,3,2,7,11,12,8,6,4,9,1,2,,,,,,,,,,,,,1,2,,1,,45,5,,,lifelines_e6
5/23/22 11:13,5/23/22 11:19,0,98.26.11.2,100,347,1,5/23/22 11:19,R_1gnmumBumuvEwNY,,,,,35.7614,-78.6015,anonymous,EN,1,2,2,,,,,5,1,2,,,,,,,,5,0,Wild,10000,5,6,2,1,3,9,4,8,7,11,12,10,10,11,1,3,2,8,7,9,5,4,6,12,1,2,,,,,,,,,,,,,1,2,,2,,28,5,,Big shoutout for not making me rate all 28 lines.,lifelines_e6
5/23/22 11:12,5/23/22 11:19,0,68.205.70.197,100,456,1,5/23/22 11:19,R_3rO5y78jN0fjAl2,,,,,28.5504,-81.1833,anonymous,EN,1,2,2,,,,,5,1,2,,,,,,,,70,60,satisfied,20000,2,3,1,10,9,12,5,8,11,7,6,4,1,4,9,8,7,12,6,5,10,2,3,11,1,2,,,,,,,,,,1,,,,1,,1,,64,4,,,lifelines_e6
5/23/22 11:14,5/23/22 11:20,0,174.101.136.173,100,339,1,5/23/22 11:20,R_3lJofqkCNsafrTG,,,,,39.1497,-84.426,anonymous,EN,1,2,2,,,,,5,1,2,,,,,,,,34,18,Volatile,5000,6,9,1,3,5,7,2,4,8,12,11,10,8,9,1,6,12,11,4,7,10,5,2,3,1,2,,,,,,,,,,,,,1,2,,4,,27,4,,No.,lifelines_e6
5/23/22 11:17,5/23/22 11:20,0,24.15.191.101,100,172,1,5/23/22 11:20,R_33ByhjYvoAvhQ9n,,,,,41.7609,-88.0151,anonymous,EN,1,2,2,,,,,5,1,2,,,,,,,,23,22,Turbulent,1500,5,4,2,8,7,6,1,10,3,11,12,9,1,3,7,11,8,5,2,9,4,6,10,12,1,2,,,,,,,,,,,,,1,1,,1,,24,5,,,lifelines_e6
5/23/22 11:16,5/23/22 11:21,0,98.144.31.102,100,284,1,5/23/22 11:21,R_2UbJVYpHovsMt5c,,,,,42.9953,-88.038,anonymous,EN,1,2,2,,,,,5,1,2,,,,,,,,70,50,relief,17000,7,8,4,9,6,5,3,2,1,12,10,11,12,10,2,8,6,1,9,5,7,3,11,4,1,2,,,,,,,,,,1,,,,1,,3,,36,4,,,lifelines_e6
5/23/22 11:12,5/23/22 11:21,0,98.216.194.248,100,585,1,5/23/22 11:21,R_27vfUMee373ZE6o,,,,,43.0584,-71.4578,anonymous,EN,1,2,2,,,,,5,1,2,,,,,,,,70,50,happy,18000,11,12,8,7,9,10,2,3,1,6,5,4,8,12,11,1,9,10,3,7,4,6,2,5,1,2,1,,,1,,,,,,,,,,1,,1,,36,4,,,lifelines_e6
5/23/22 11:12,5/23/22 11:22,0,76.188.15.89,100,599,1,5/23/22 11:22,R_6tbQ8tlbsD1RgtP,,,,,40.7354,-82.522,anonymous,EN,1,2,2,,,,,5,1,2,,,,,,,,71,71,Persistence ,15000,6,7,1,2,8,3,9,5,4,10,12,11,5,6,7,1,9,2,11,10,3,8,12,4,1,2,,,,,,,,,,,,,1,2,,1,,40,2,,N/A,lifelines_e6
5/23/22 11:11,5/23/22 11:23,0,108.190.184.84,100,689,1,5/23/22 11:23,R_2E3Im1YoOhN7orW,,,,,28.0056,-82.1122,anonymous,EN,1,2,2,,,,,5,1,2,,,,,,,,5,5,scrry,5000,6,1,9,2,7,8,4,5,3,10,12,11,9,1,12,2,6,8,3,5,10,7,11,4,1,2,,,,,,,,,,1,,,,1,,1,,35,5,,n/a,lifelines_e6
5/23/22 11:16,5/23/22 11:23,0,142.196.230.167,100,402,1,5/23/22 11:23,R_xlPemN1szrAP41H,,,,,28.6529,-81.2106,anonymous,EN,1,2,2,,,,,5,1,2,,,,,,,,65,30,satisfied ,17000,4,6,1,8,3,7,5,9,2,11,12,10,5,9,6,7,1,8,4,11,2,10,12,3,1,2,,,,1,,,,,,1,1,,,2,,1,,37,4,,,lifelines_e6
5/23/22 11:14,5/23/22 11:24,0,107.77.169.63,100,592,1,5/23/22 11:24,R_22LjLQwUKKEVVT9,,,,,29.6968,-95.5446,anonymous,EN,1,2,2,,,,,5,1,2,,,,,,,,90,90,Satisfied,20000,5,4,3,2,9,7,6,12,10,8,11,1,12,8,9,4,6,3,2,11,7,5,10,1,1,2,,,,,,,,,,1,,,,1,,1,,54,4,,None,lifelines_e6
5/23/22 11:20,5/23/22 11:25,0,50.24.86.168,100,296,1,5/23/22 11:25,R_2UavQiiIW6cansh,,,,,30.0529,-95.1783,anonymous,EN,1,2,2,,,,,5,1,2,,,,,,,,0,0,STRESSFULL,0,7,2,1,6,8,5,4,12,9,10,11,3,12,5,7,1,11,2,4,9,8,3,6,10,1,2,,,,,,,,,,1,,,,1,,5,Mestizo,31,5,,,lifelines_e6
5/23/22 11:19,5/23/22 11:25,0,71.90.177.79,100,372,1,5/23/22 11:25,R_1IQ78Q6GXWRef3D,,,,,30.5178,-92.0878,anonymous,EN,1,2,2,,,,,5,1,3,0,0,82.162,0,1,5,1,61,53,none,10000,5,11,2,6,8,3,12,9,7,1,4,10,6,12,1,4,8,3,11,9,7,2,5,10,1,4,,,,,,,,,,,,,1,2,,1,,25,5,,none,lifelines_e6
5/23/22 11:21,5/23/22 11:25,0,76.95.107.239,100,295,1,5/23/22 11:25,R_2huEP56sUIjYaPL,,,,,34.2347,-119.1894,anonymous,EN,1,2,2,,,,,5,1,2,,,,,,,,100,100,satisfying,5400,10,1,3,2,7,12,5,6,11,8,4,9,3,10,7,6,1,2,12,9,11,5,4,8,1,2,,,,,,,,,,,,,1,2,,1,,29,4,,No.,lifelines_e6
5/23/22 11:15,5/23/22 11:26,0,64.201.90.121,100,642,1,5/23/22 11:26,R_2aPv9nD8Yif4Xxc,,,,,40.0418,-79.4151,anonymous,EN,1,2,2,,,,,5,1,2,,,,,,,,55,26,chaotic,15000,7,5,1,12,2,4,3,8,10,9,11,6,5,12,8,1,3,4,2,7,10,11,6,9,1,2,,,,,,,,,,,,,1,1,,1,,39,4,,,lifelines_e6
5/23/22 11:17,5/23/22 11:26,0,72.194.224.202,100,510,1,5/23/22 11:26,R_2zM7LVk19NiJp4R,,,,,33.6338,-112.2066,anonymous,EN,1,2,2,,,,,5,1,2,,,,,,,,65,21,Rollercoaster,15000,6,8,1,11,12,10,3,4,2,7,5,9,3,6,12,9,10,7,2,8,4,5,1,11,1,2,,,,1,,,,,,,,,1,2,,1,,21,4,,,lifelines_e6
5/23/22 11:23,5/23/22 11:26,0,174.84.79.207,100,182,1,5/23/22 11:26,R_2rr02zc0g4LLdxO,,,,,42.9468,-83.817,anonymous,EN,1,2,2,,,,,5,1,2,,,,,,,,80,50,inconsistent,18000,8,9,1,2,7,6,4,3,5,11,12,10,11,12,8,1,9,6,4,3,5,10,2,7,1,2,,,,,,,,,,,,,1,2,,1,,36,5,,,lifelines_e6
5/23/22 11:18,5/23/22 11:26,0,104.218.71.127,100,479,1,5/23/22 11:26,R_2fHzPvrRe3IByuv,,,,,40.8219,-96.6244,anonymous,EN,1,2,2,,,,,5,1,2,,,,,,,,65,39,Frustrating,15000,3,4,1,9,5,2,8,7,6,12,11,10,7,6,12,5,9,11,1,10,3,2,4,8,1,2,,,,,,,,,,1,,,,1,,1,,38,6,,,lifelines_e6
5/23/22 11:17,5/23/22 11:26,0,71.245.58.250,100,565,1,5/23/22 11:26,R_2wR1w6RJ4B9gVze,,,,,40.7956,-77.0427,anonymous,EN,1,2,2,,,,,2,1,2,2.065,2.065,82.013,1,1,5,1,75,49,wonderful,15000,9,2,4,3,1,7,5,8,6,12,11,10,11,2,12,1,4,6,7,10,5,8,3,9,1,2,,,,,,,,,,,,,1,2,,1,,32,2,,,lifelines_e6
5/23/22 11:20,5/23/22 11:27,0,75.108.149.25,100,376,1,5/23/22 11:27,R_1LqyMKcnD9KomoS,,,,,38.3274,-81.669,anonymous,EN,1,2,2,,,,,5,1,2,,,,,,,,80,80,Surprising,20000,9,6,2,12,3,8,7,11,1,10,5,4,6,8,3,5,9,11,2,12,4,10,7,1,1,2,,,,,,,,,,,,,1,1,,1,,30,5,,,lifelines_e6
5/23/22 11:21,5/23/22 11:27,0,98.215.93.19,100,356,1,5/23/22 11:27,R_3oXZuK6gBfnfY6k,,,,,40.4693,-88.9424,anonymous,EN,1,2,2,,,,,5,1,2,,,,,,,,70,60,Volatile,15000,7,9,2,8,5,6,4,3,1,10,12,11,1,8,7,4,10,11,2,6,12,5,9,3,1,2,,,,,,,,,,,,,1,1,,1,,33,5,,No comments.,lifelines_e6
5/23/22 11:22,5/23/22 11:27,0,63.141.4.3,100,319,1,5/23/22 11:27,R_2SldEPZq2o3qy6d,,,,,46.1128,-98.2241,anonymous,EN,1,2,2,,,,,5,1,2,,,,,,,,19,0,Bad,0,10,3,2,11,4,1,6,7,8,12,9,5,10,12,2,6,5,1,4,8,9,7,3,11,1,2,,,,1,,,,,,1,,,,2,,1,,22,5,,,lifelines_e6
5/23/22 11:21,5/23/22 11:27,0,74.131.203.108,100,400,1,5/23/22 11:27,R_2zkhnoAeMSHeWYi,,,,,39.9534,-83.7801,anonymous,EN,1,2,2,,,,,5,1,2,,,,,,,,60,58,Mixed,19000,3,2,1,7,5,4,8,6,9,11,12,10,5,2,7,12,4,10,11,6,9,3,1,8,3,2,,,,,,,,,,,,,1,1,,1,,39,4,,,lifelines_e6
5/23/22 11:24,5/23/22 11:28,0,72.28.225.53,100,216,1,5/23/22 11:28,R_3n14zJlWGMH1MO6,,,,,33.5546,-81.721,anonymous,EN,1,2,2,,,,,5,1,2,,,,,,,,93,71,resolved,20000,4,5,1,12,2,8,11,6,7,10,9,3,4,5,2,11,1,8,10,12,9,7,3,6,1,2,,,,,,,,,,,,,1,2,,1,,34,3,,,lifelines_e6
5/23/22 11:13,5/23/22 11:29,0,97.100.120.138,100,936,1,5/23/22 11:29,R_2cp7kEn7U1hjsd7,,,,,28.098,-81.4949,anonymous,EN,1,2,2,,,,,5,1,2,,,,,,,,90,60,happy,19500,12,6,1,7,5,11,10,9,8,3,4,2,3,1,8,4,11,6,2,9,7,5,12,10,1,2,,,,,,,,,,,,,1,2,,1,,64,2,,none,lifelines_e6
5/23/22 11:22,5/23/22 11:29,0,75.26.244.127,100,404,1,5/23/22 11:29,R_1rwtPUAU7FPMl76,,,,,42.0431,-87.7899,anonymous,EN,1,2,1,15,20,28,1,5,1,2,,,,,,,,60,1,mediocre,15000,9,1,8,3,7,4,2,5,6,10,12,11,8,1,10,5,7,11,6,9,12,4,3,2,1,2,,,,,,,,,,,,,1,2,,1,,29,3,,,lifelines_e6
5/23/22 11:17,5/23/22 11:31,0,137.148.112.26,100,840,1,5/23/22 11:31,R_QcWiHguIl1ijevv,,,,,41.4866,-81.8037,anonymous,EN,1,2,2,,,,,5,1,4,0,0,82.009,0,1,5,1,89,99,DROP,10000,4,9,7,11,1,10,12,2,3,5,6,8,1,7,12,10,5,8,11,2,4,3,6,9,1,2,,,,,,,,,,,,,1,2,,1,,44,6,,,lifelines_e6
5/23/22 11:28,5/23/22 11:32,0,174.53.15.77,100,251,1,5/23/22 11:32,R_1DN2zxVfgjYwWVO,,,,,34.8108,-92.2249,anonymous,EN,1,2,2,,,,,5,1,2,,,,,,,,71,29,dip,12000,9,7,1,11,6,5,4,3,2,12,10,8,6,4,10,11,2,1,7,3,8,12,9,5,1,2,,,,1,,,,,,1,,,,1,,1,,37,5,,,lifelines_e6
5/23/22 11:21,5/23/22 11:32,0,172.58.147.140,100,657,1,5/23/22 11:32,R_1CDRm9F6J76m8NS,,,,,36.1671,-86.7861,anonymous,EN,1,2,2,,,,,5,1,2,,,,,,,,31,29,uneven,15000,3,9,4,7,10,11,6,5,2,8,12,1,9,10,8,2,12,11,5,3,4,7,1,6,1,2,,,,,,,,,,1,1,,,2,,1,,64,5,,"The list of items to rank required a lot of scrolling, which made it difficult to move items around without ""double jumping."" ",lifelines_e6
5/23/22 11:24,5/23/22 11:32,0,75.136.141.155,100,495,1,5/23/22 11:32,R_2VHZufJk38OyHgp,,,,,34.5251,-82.6307,anonymous,EN,1,2,2,,,,,5,1,2,,,,,,,,20,3,Rollercoaster,15000,5,4,6,9,10,8,12,11,1,2,7,3,4,8,10,5,9,6,12,11,7,3,1,2,1,2,,1,,,,,,,,,,,,1,,2,,35,3,,,lifelines_e6
5/23/22 11:18,5/23/22 11:34,0,68.226.204.251,100,942,1,5/23/22 11:34,R_1lnN2UxYslNwEo1,,,,,30.209,-92.0607,anonymous,EN,1,2,2,,,,,5,4,2,0,0,82.114,0,1,5,1,100,100,Good,20000,8,5,1,6,3,9,7,4,2,12,10,11,12,2,11,3,9,6,10,1,4,7,8,5,1,2,,,,,,,,,,,,,1,1,,1,,29,4,,,lifelines_e6
5/23/22 11:24,5/23/22 11:34,0,68.0.180.99,100,587,1,5/23/22 11:34,R_2CPVOZg5HUZ46Tr,,,,,32.185,-110.8171,anonymous,EN,1,2,2,,,,,5,1,2,,,,,,,,50,30,completion,3000,8,2,7,5,4,9,6,3,1,11,12,10,12,6,11,8,5,10,9,3,1,7,2,4,1,2,,,,,,,,,,,,,1,2,,1,,71,4,,,lifelines_e6
5/23/22 11:32,5/23/22 11:36,0,73.247.43.78,100,224,1,5/23/22 11:36,R_3MuMxLe5Tw31jD5,,,,,42.3667,-88.0925,anonymous,EN,1,2,2,,,,,5,1,2,,,,,,,,40,28,rollercoaster,15000,3,4,1,9,2,8,11,10,12,7,5,6,1,10,8,3,12,7,4,11,9,6,5,2,1,2,,,,,,,,,,,,,1,1,,1,,35,5,,,lifelines_e6
5/23/22 11:29,5/23/22 11:37,0,108.21.192.116,100,448,1,5/23/22 11:37,R_1pMBhaX6QWHDmp9,,,,,40.7359,-73.9904,anonymous,EN,1,2,2,,,,,5,1,2,,,,,,,,69,75,joyful,18000,3,1,2,10,5,8,4,9,7,12,11,6,4,10,3,8,7,1,5,2,6,11,9,12,1,4,,,,,,,,,,,,,1,1,,3,,28,5,,none,lifelines_e6
5/23/22 11:31,5/23/22 11:38,0,67.20.158.139,100,376,1,5/23/22 11:38,R_1jfTlNdRbiRWph0,,,,,32.3297,-80.8438,anonymous,EN,1,2,2,,,,,5,1,2,,,,,,,,30,9,impatient,"15,000",2,1,10,4,5,9,7,8,6,12,11,3,3,5,10,1,2,9,8,6,4,11,7,12,3,2,,,,,,,,,,1,,,,2,,1,,53,3,,,lifelines_e6
5/23/22 11:28,5/23/22 11:39,0,50.82.245.108,100,673,1,5/23/22 11:39,R_12m3dokWKG7Egue,,,,,33.3931,-111.5768,anonymous,EN,1,2,2,,,,,5,1,2,,,,,,,,40,0,Confused and stressed.,10000,4,5,8,9,7,6,2,1,3,12,11,10,3,8,5,12,10,9,11,7,4,1,2,6,2,2,,,,,,,,,,1,,,,1,,4,,41,4,,,lifelines_e6
5/23/22 11:28,5/23/22 11:39,0,73.230.229.5,100,666,1,5/23/22 11:39,R_3sdG7IDpO5QyKDu,,,,,40.3102,-76.0388,anonymous,EN,1,2,2,,,,,5,1,2,,,,,,,,41,19,rollercoaster,6000,4,1,2,12,6,5,3,7,8,10,11,9,3,2,4,8,7,5,12,6,11,1,10,9,1,1,,,1,1,,,,,,1,,1,,2,,1,,31,5,,,lifelines_e6
5/23/22 11:21,5/23/22 11:41,0,67.8.55.252,100,1192,1,5/23/22 11:41,R_2eVTczykEx9kQkm,,,,,28.3939,-81.4216,anonymous,EN,1,2,2,,,,,5,1,2,,,,,,,,94,95,good,19000,7,6,11,1,9,10,3,2,4,12,5,8,5,3,12,4,6,11,1,8,2,7,10,9,1,4,,,1,,,,,,,,1,,,2,,2,,39,3,,,lifelines_e6
5/23/22 11:33,5/23/22 11:41,0,173.169.93.167,100,519,1,5/23/22 11:41,R_2YfeaUOLRAljdNp,,,,,27.96,-82.4614,anonymous,EN,1,2,2,,,,,5,1,2,,,,,,,,71,71,good,22000,2,1,6,10,5,4,8,7,3,12,11,9,8,2,1,10,11,6,9,12,4,3,5,7,1,2,,,,,,,,,,,,,1,2,,1,,62,5,,,lifelines_e6
5/23/22 11:36,5/23/22 11:42,0,107.142.215.204,100,334,1,5/23/22 11:42,R_0vUeCNpvfWd77nX,,,,,34.029,-118.4005,anonymous,EN,1,2,2,,,,,5,1,2,,,,,,,,60,40,turbulent,15000,7,1,2,3,11,12,6,5,4,9,10,8,9,3,11,7,4,5,12,8,2,1,6,10,1,2,,,,,,,,,,,,,1,1,,1,,34,5,,,lifelines_e6
5/23/22 11:42,5/23/22 11:46,0,107.13.231.132,100,239,1,5/23/22 11:46,R_1NmjNwa6eACcoiJ,,,,,35.8025,-78.6405,anonymous,EN,1,2,2,,,,,5,1,2,,,,,,,,75,70,joyous,20000,4,5,2,8,1,10,3,11,7,12,9,6,8,9,2,3,10,6,5,7,11,12,4,1,1,2,,,,,,,,,,,,,1,2,,4,,28,5,,none,lifelines_e6
5/23/22 11:39,5/23/22 11:47,0,74.88.35.30,100,463,1,5/23/22 11:47,R_0Ne9DjiXdwMSqkN,,,,,40.6737,-73.5336,anonymous,EN,1,2,2,,,,,5,1,2,,,,,,,,90,90,Happy,15000,1,4,3,9,2,11,10,7,6,8,12,5,3,5,4,12,1,9,10,7,8,6,11,2,1,2,,,,,,,,,,,,,1,1,,1,,34,5,,"Great Study, hope to do more in the future.",lifelines_e6
5/23/22 11:43,5/23/22 11:47,0,69.23.235.1,100,243,1,5/23/22 11:47,R_3g7XTpzjiumq1rE,,,,,38.2132,-84.5455,anonymous,EN,1,2,2,,,,,5,1,2,,,,,,,,30,15,unpredictable,18000,9,7,5,4,6,3,8,2,1,11,12,10,8,10,4,1,7,3,11,2,6,12,5,9,1,2,,,,1,,,,,,,,,,2,,1,,35,3,,,lifelines_e6
5/23/22 11:29,5/23/22 11:47,0,70.95.216.159,100,1043,1,5/23/22 11:47,R_3e2n2SgQCfDlxHH,,,,,32.9167,-117.0903,anonymous,EN,1,2,2,,,,,5,1,2,,,,,,,,60,60,vacillating ,20000,8,9,2,10,7,3,6,4,5,11,12,1,2,1,3,4,11,6,8,5,12,7,10,9,1,2,,,,,,,,,,,,,1,2,,1,,65,7,,different way of rating so interesting!,lifelines_e6
5/23/22 11:40,5/23/22 11:47,0,47.33.196.155,100,445,1,5/23/22 11:47,R_1P6t8GgZA1Z8qYW,,,,,43.6055,-84.7796,anonymous,EN,1,2,2,,,,,5,1,2,,,,,,,,4,0,difficult,14000,4,6,1,7,5,11,2,12,8,3,10,9,2,4,8,7,11,9,5,10,12,1,6,3,1,2,,,,,,,,,,,,,1,1,,1,,37,4,,thanks!,lifelines_e6
5/23/22 11:44,5/23/22 11:48,0,141.214.17.238,100,263,1,5/23/22 11:48,R_1pVCHki3Fmp2uvR,,,,,42.2807,-83.7801,anonymous,EN,1,2,2,,,,,5,1,2,,,,,,,,55,35,swinging,20000,6,10,8,9,2,3,7,5,1,11,12,4,7,9,10,12,1,5,8,6,2,4,11,3,1,2,,,,,,,,,,,,,1,1,,1,,36,3,,n/a,lifelines_e6
5/23/22 11:44,5/23/22 11:51,0,72.224.14.17,100,386,1,5/23/22 11:51,R_OBYM8rBkbTIMf4J,,,,,42.7273,-73.6696,anonymous,EN,1,2,2,,,,,3,2,1,38.95,38.95,82.117,1,5,2,1,69,69,very,20000,12,7,8,2,6,9,4,11,1,5,10,3,12,7,8,3,6,9,4,11,1,5,10,2,3,3,1,,,,,,,,,,,,,1,,1,,52,6,,well,lifelines_e6
5/23/22 11:44,5/23/22 11:52,0,70.19.86.220,100,457,1,5/23/22 11:52,R_3RjCbMWWpVYgU7w,,,,,40.6286,-73.939,anonymous,EN,1,2,2,,,,,5,1,2,,,,,,,,35,9,Unpredictable,13000,8,7,10,11,1,9,2,4,3,6,12,5,6,7,8,3,2,1,5,11,9,12,4,10,1,2,,,,,,,,,,,,,1,2,,1,,60,5,,No.,lifelines_e6
5/23/22 11:48,5/23/22 11:52,0,172.58.3.1,100,285,1,5/23/22 11:52,R_3MlMW1rFJTYnyKz,,,,,33.906,-84.184,anonymous,EN,1,2,2,,,,,5,1,2,,,,,,,,80,60,content,15000,7,12,11,4,1,5,10,6,3,9,8,2,6,12,11,2,3,7,10,9,5,8,4,1,1,2,,,,,,,,,,,,,1,2,,1,,55,5,,no,lifelines_e6
5/23/22 11:48,5/23/22 11:55,0,209.204.37.77,100,421,1,5/23/22 11:55,R_OvPYnCZdvU2YMpP,,,,,35.8308,-90.7023,anonymous,EN,1,2,2,,,,,5,1,2,,,,,,,,81,39,happy,18000,8,9,1,4,3,2,6,5,7,11,10,12,4,5,10,7,2,1,8,3,6,9,11,12,1,2,,,,,,,,,,,,,1,1,,1,,41,3,,no,lifelines_e6
5/23/22 11:49,5/23/22 11:56,0,108.20.178.98,100,462,1,5/23/22 11:56,R_1LuKVnQE8OL48oT,,,,,42.5575,-71.1736,anonymous,EN,1,2,2,,,,,5,6,2,31.493,31.493,82.007,1,5,5,1,69,55,good,10000,2,11,9,4,1,12,5,6,8,10,3,7,2,10,7,4,1,11,5,6,8,9,3,12,3,3,,,,,,,,,,,,,1,1,,1,,,6,,,lifelines_e6
5/23/22 11:41,5/23/22 11:59,0,74.74.131.154,100,1030,1,5/23/22 11:59,R_PRmulkC1zcSUThD,,,,,43.0747,-77.5181,anonymous,EN,1,2,2,,,,,5,4,2,0,0,82.011,0,1,5,1,19,2,rollercoaster ,18000,6,5,8,11,1,9,2,7,4,3,12,10,6,7,1,3,8,10,4,11,5,2,9,12,1,2,,,,,,,,,,,,,1,2,,1,,38,4,,thank you,lifelines_e6
5/23/22 11:47,5/23/22 12:00,0,70.190.28.186,100,744,1,5/23/22 12:00,R_5sYuaKiBnxkBbJT,,,,,33.3289,-111.8658,anonymous,EN,1,2,2,,,,,5,1,2,,,,,,,,70,16,improved,22000,8,7,6,9,1,2,4,5,3,11,10,12,10,2,6,1,5,9,7,11,8,3,4,12,1,2,,,,,,,,,,1,1,1,,2,,1,,52,4,,,lifelines_e6
5/23/22 11:52,5/23/22 12:00,0,207.244.89.166,100,496,1,5/23/22 12:00,R_3CNoNd71yMmRdpw,,,,,39.715,-75.6178,anonymous,EN,1,2,2,,,,,5,1,2,,,,,,,,83,81,uneven,15000,5,12,1,3,9,7,4,6,2,10,11,8,4,11,2,5,9,8,3,6,1,10,12,7,1,4,,,,,,,,,,1,1,,,2,,2,,30,5,,none,lifelines_e6
5/23/22 11:56,5/23/22 12:01,0,67.215.212.85,100,322,1,5/23/22 12:01,R_1qgqNQ13HVmxzSQ,,,,,37.8065,-85.4592,anonymous,EN,1,2,2,,,,,5,1,2,,,,,,,,40,27,unpredictable,10000,1,6,2,12,9,10,11,4,8,7,5,3,8,11,3,12,10,9,7,1,6,5,4,2,1,2,,,,,,,,,,,,,1,2,,4,,24,3,,,lifelines_e6
5/23/22 11:58,5/23/22 12:03,0,134.6.181.234,100,277,1,5/23/22 12:03,R_1DzNZPQXSEHtkHB,,,,,29.8304,-95.3786,anonymous,EN,1,2,2,,,,,5,1,2,,,,,,,,9,1,Frustrating,8000,1,9,3,2,4,10,6,12,5,11,7,8,5,7,8,9,2,12,1,11,3,10,4,6,1,2,,,,,,,,,,,,,1,1,,1,,37,4,,No. Thank you.,lifelines_e6
5/23/22 11:58,5/23/22 12:06,0,74.96.200.98,100,433,1,5/23/22 12:06,R_1pPWpw9UhvU5OJE,,,,,38.8892,-76.9417,anonymous,EN,1,2,2,,,,,3,3,3,6.466,6.466,82.023,1,3,5,2,56,78,Success ,WELL,4,9,8,5,11,1,3,7,12,2,6,10,5,8,9,3,12,1,2,7,10,4,6,11,3,3,,1,,,,,,,,,,1,,2,,2,,41,6,,GOODS,lifelines_e6
5/23/22 12:03,5/23/22 12:07,0,173.168.125.196,100,253,1,5/23/22 12:07,R_2fD0MuLkJxPAnK7,,,,,28.4797,-82.5562,anonymous,EN,1,2,2,,,,,5,1,2,,,,,,,,91,91,great,20000,10,7,12,11,9,6,8,4,2,3,5,1,7,8,11,10,12,6,9,5,1,3,4,2,1,2,,,,,,,,,,,,,1,1,,1,,33,2,,no,lifelines_e6
5/23/22 12:06,5/23/22 12:09,0,24.254.19.175,100,149,1,5/23/22 12:09,R_R31xPQI1fueOzWp,,,,,37.3053,-79.9252,anonymous,EN,1,2,2,,,,,5,1,2,,,,,,,,8,0,Rollercoaster,15000,10,2,3,7,9,8,1,4,5,6,12,11,12,5,8,4,9,7,3,1,10,6,11,2,1,2,,,,,,,,,,,,,1,1,,1,,31,3,,"No, thank you.",lifelines_e6
5/23/22 12:04,5/23/22 12:13,0,209.237.107.5,100,526,1,5/23/22 12:13,R_32LcsKNDQ93NTPe,,,,,45.0116,-93.0351,anonymous,EN,1,2,2,,,,,5,1,2,,,,,,,,71,63,satisfied,18500,1,10,8,12,9,3,2,5,11,7,6,4,2,12,11,10,8,7,5,3,9,1,6,4,1,2,,,,,,,,,,,,,1,1,,1,,37,5,,,lifelines_e6
5/23/22 12:07,5/23/22 12:13,0,68.96.211.246,100,366,1,5/23/22 12:13,R_ApQgShwhN3JsdFf,,,,,36.2473,-115.2821,anonymous,EN,1,2,2,,,,,5,1,2,,,,,,,,78,40,Relief,17500,6,8,12,7,1,2,5,4,3,10,11,9,4,12,7,8,11,10,3,1,9,5,6,2,1,2,,,,,,,,,,,,,1,1,,3,,27,4,,,lifelines_e6
5/23/22 12:18,5/23/22 12:21,0,104.165.250.54,100,186,1,5/23/22 12:21,R_248UGAvJSfXrz4q,,,,,42.8856,-78.8736,anonymous,EN,1,2,2,,,,,5,1,2,,,,,,,,72,77,satisfied,15000,8,1,5,4,7,2,3,9,6,10,11,12,11,2,9,7,10,4,1,12,6,5,3,8,1,3,,,,,,,,,,,,,1,2,,1,,40,5,,,lifelines_e6
5/23/22 12:19,5/23/22 12:25,0,98.17.232.77,100,376,1,5/23/22 12:25,R_3n26DlBydXEzjiy,,,,,35.4155,-80.6143,anonymous,EN,1,2,2,,,,,5,1,2,,,,,,,,60,8,Varied,0,6,3,8,5,7,9,4,1,2,11,12,10,5,12,4,11,1,8,7,9,6,10,2,3,1,2,,,,,,,,,,,,,1,4,non binary,1,,30,5,,,lifelines_e6
5/23/22 12:17,5/23/22 12:25,0,73.66.94.22,100,506,1,5/23/22 12:25,R_3kbIYsUsjIg0IGM,,,,,39.508,-121.4571,anonymous,EN,1,2,2,,,,,5,1,2,,,,,,,,80,70,comfortable,15500,6,2,3,9,7,10,11,12,8,5,4,1,10,1,2,6,3,9,7,8,4,12,5,11,1,2,,,,,,,,,,,,,1,2,,1,,49,5,,None,lifelines_e6
5/23/22 12:25,5/23/22 12:31,0,107.126.126.152,100,356,1,5/23/22 12:31,R_XFZSGzMgnfM5mH7,,,,,32.5522,-82.8721,anonymous,EN,1,2,2,,,,,5,1,2,,,,,,,,10,0,stressful,5000,5,4,6,9,3,7,2,8,1,11,10,12,7,5,6,12,3,2,10,11,9,4,8,1,1,2,,,,1,,,,,,1,1,1,,2,,1,,32,4,,,lifelines_e6
5/23/22 12:28,5/23/22 12:32,0,73.12.80.13,100,210,1,5/23/22 12:32,R_2YEZTnOwLIZIaCn,,,,,37.2697,-81.2212,anonymous,EN,1,2,2,,,,,5,1,2,,,,,,,,82,57,shifting ,15000,1,9,3,5,10,11,4,12,2,6,7,8,2,12,3,6,8,10,4,11,1,5,7,9,1,2,,,,,,,,,,1,,,,2,,1,,23,5,,,lifelines_e6
5/23/22 12:20,5/23/22 12:32,0,24.236.88.53,100,690,1,5/23/22 12:32,R_Y3QoaL2TZxkiD2p,,,,,27.7889,-82.7192,anonymous,EN,1,2,2,,,,,5,4,2,0,0,82.011,0,1,5,1,43,37,rocky,18000,3,10,12,5,6,4,2,1,7,9,11,8,12,8,10,2,4,7,1,3,6,5,9,11,1,2,,,,,,,,,,1,,,,1,,1,,31,4,,,lifelines_e6
5/23/22 12:25,5/23/22 12:45,0,216.73.160.132,100,1240,1,5/23/22 12:45,R_0MrRP7ygIwTrz1v,,,,,40.7157,-74,anonymous,EN,1,2,2,,,,,5,1,2,,,,,,,,41,41,average,15000,5,7,11,12,8,3,4,10,9,6,2,1,4,7,11,12,8,3,5,10,9,6,1,2,3,3,,,,,,,,,,1,,,,2,,5,black american,28,5,,,lifelines_e6
5/23/22 12:44,5/23/22 12:48,0,172.73.115.122,100,219,1,5/23/22 12:48,R_psChhrxZac0TL8d,,,,,35.3135,-81.5599,anonymous,EN,1,2,2,,,,,5,1,2,,,,,,,,31,18,Rollercoaster,12000,4,6,5,12,3,11,1,7,2,9,8,10,7,8,10,12,3,11,2,4,1,6,5,9,1,2,,,,,,,,,,1,1,1,,2,,1,,34,5,,,lifelines_e6
5/23/22 12:41,5/23/22 12:49,0,47.6.220.138,100,452,1,5/23/22 12:49,R_rjoB33ad7TKu1Sp,,,,,46.5922,-120.53,anonymous,EN,1,2,2,,,,,5,1,2,,,,,,,,60,0,relieved,20000,1,12,6,5,2,3,8,4,7,10,11,9,7,12,6,5,2,4,10,1,8,3,9,11,1,1,,,,,,,,,,1,,,,2,,1,,54,5,,no,lifelines_e6
5/23/22 12:48,5/23/22 12:52,0,104.185.203.70,100,262,1,5/23/22 12:52,R_cMkljRaRQNNVKlb,,,,,34.0034,-84.4605,anonymous,EN,1,2,2,,,,,5,1,2,,,,,,,,80,90,Rewarding,20000,5,2,1,12,10,6,3,9,8,7,11,4,4,9,1,12,11,6,2,10,7,8,5,3,1,2,,,,,,,,,,,,,1,1,,3,,41,8,,none,lifelines_e6
5/23/22 13:02,5/23/22 13:08,0,66.189.246.154,100,365,1,5/23/22 13:08,R_1oopo9wbKdnqvnl,,,,,33.3708,-84.8154,anonymous,EN,1,2,2,,,,,5,1,2,,,,,,,,18,0,mixed,0,6,5,3,9,10,7,1,11,2,8,12,4,1,2,11,5,6,3,12,9,8,4,10,7,3,2,,,,,,,,,,,,,1,1,,1,,48,4,,no,lifelines_e6
5/23/22 12:22,5/23/22 13:10,0,105.163.1.209,100,2879,1,5/23/22 13:10,R_1LuGrLF8kbzIf6Q,,,,,-1.2841,36.8155,anonymous,EN,1,2,2,,,,,5,1,2,,,,,,,,46,56,changing,1000,6,9,7,4,8,11,12,5,2,10,1,3,5,9,7,3,8,11,12,4,1,10,2,6,2,2,,,,,,,,,,,,,1,1,,2,,24,5,,,lifelines_e6
5/23/22 13:21,5/23/22 13:30,0,209.16.117.54,100,577,1,5/23/22 13:30,R_3rMR4lGLTfMgoRK,,,,,29.2007,-81.0388,anonymous,EN,1,2,2,,,,,5,1,2,,,,,,,,32,4,irratic,8000,9,7,5,8,6,10,3,4,2,1,11,12,8,12,4,11,1,3,9,2,10,5,7,6,1,2,,,,,,,,,,,,,1,1,,1,,51,5,,This was better than the average survey as it was different and challenging.,lifelines_e6
5/23/22 13:31,5/23/22 13:39,0,68.33.32.162,100,488,1,5/23/22 13:39,R_pxARljQFnn2xdsd,,,,,38.8078,-77.0523,anonymous,EN,1,2,2,,,,,5,1,2,,,,,,,,29,21,Exhausted,11000,5,4,10,12,1,2,8,9,3,6,11,7,1,7,4,11,6,5,8,3,2,9,12,10,1,2,,,,,,,,,,,,1,,1,,2,,33,5,,,lifelines_e6
5/23/22 14:42,5/23/22 14:56,0,184.59.184.90,100,880,1,5/23/22 14:56,R_1LBujYz3ewQkn79,,,,,40.8244,-81.3398,anonymous,EN,1,2,2,,,,,5,1,2,,,,,,,,50,5,difficult,15000,1,10,8,12,2,9,11,4,6,5,7,3,1,7,11,12,8,6,9,2,4,3,5,10,1,2,,,,,,,,,,,,,1,2,,1,,54,4,,,lifelines_e6